period,state,sector,description,index_value,yoy_pct
2025-01-01,All India,combined,General Index (All Groups),101.67,
2025-01-01,All India,rural,General Index (All Groups),101.81,
2025-01-01,All India,urban,General Index (All Groups),101.49,
2025-01-01,Andaman And Nicobar Islands,combined,General Index (All Groups),102.51,
2025-01-01,Andaman And Nicobar Islands,rural,General Index (All Groups),102.34,
2025-01-01,Andaman And Nicobar Islands,urban,General Index (All Groups),102.68,
2025-01-01,Andhra Pradesh,combined,General Index (All Groups),101.36,
2025-01-01,Andhra Pradesh,rural,General Index (All Groups),101.48,
2025-01-01,Andhra Pradesh,urban,General Index (All Groups),101.16,
2025-01-01,Arunachal Pradesh,combined,General Index (All Groups),101.42,
2025-01-01,Arunachal Pradesh,rural,General Index (All Groups),101.33,
2025-01-01,Arunachal Pradesh,urban,General Index (All Groups),101.69,
2025-01-01,Assam,combined,General Index (All Groups),102.15,
2025-01-01,Assam,rural,General Index (All Groups),102.39,
2025-01-01,Assam,urban,General Index (All Groups),101.23,
2025-01-01,Bihar,combined,General Index (All Groups),101.56,
2025-01-01,Bihar,rural,General Index (All Groups),101.63,
2025-01-01,Bihar,urban,General Index (All Groups),101.14,
2025-01-01,Chandigarh,combined,General Index (All Groups),101.33,
2025-01-01,Chandigarh,urban,General Index (All Groups),101.33,
2025-01-01,Chhattisgarh,combined,General Index (All Groups),101.21,
2025-01-01,Chhattisgarh,rural,General Index (All Groups),101.09,
2025-01-01,Chhattisgarh,urban,General Index (All Groups),101.43,
2025-01-01,Goa,combined,General Index (All Groups),101.58,
2025-01-01,Goa,rural,General Index (All Groups),101.85,
2025-01-01,Goa,urban,General Index (All Groups),101.43,
2025-01-01,Gujarat,combined,General Index (All Groups),101.04,
2025-01-01,Gujarat,rural,General Index (All Groups),100.99,
2025-01-01,Gujarat,urban,General Index (All Groups),101.08,
2025-01-01,Haryana,combined,General Index (All Groups),101.8,
2025-01-01,Haryana,rural,General Index (All Groups),101.99,
2025-01-01,Haryana,urban,General Index (All Groups),101.61,
2025-01-01,Himachal Pradesh,combined,General Index (All Groups),101.8,
2025-01-01,Himachal Pradesh,rural,General Index (All Groups),101.82,
2025-01-01,Himachal Pradesh,urban,General Index (All Groups),101.71,
2025-01-01,Jammu And Kashmir,combined,General Index (All Groups),102.83,
2025-01-01,Jammu And Kashmir,rural,General Index (All Groups),103.2,
2025-01-01,Jammu And Kashmir,urban,General Index (All Groups),101.89,
2025-01-01,Jharkhand,combined,General Index (All Groups),101.76,
2025-01-01,Jharkhand,rural,General Index (All Groups),101.98,
2025-01-01,Jharkhand,urban,General Index (All Groups),101.32,
2025-01-01,Karnataka,combined,General Index (All Groups),102.04,
2025-01-01,Karnataka,rural,General Index (All Groups),102.28,
2025-01-01,Karnataka,urban,General Index (All Groups),101.8,
2025-01-01,Kerala,combined,General Index (All Groups),101.94,
2025-01-01,Kerala,rural,General Index (All Groups),102.23,
2025-01-01,Kerala,urban,General Index (All Groups),101.7,
2025-01-01,Ladakh,combined,General Index (All Groups),103.28,
2025-01-01,Ladakh,rural,General Index (All Groups),103.31,
2025-01-01,Ladakh,urban,General Index (All Groups),103.18,
2025-01-01,Lakshadweep,combined,General Index (All Groups),101.96,
2025-01-01,Lakshadweep,rural,General Index (All Groups),101.94,
2025-01-01,Lakshadweep,urban,General Index (All Groups),101.97,
2025-01-01,Madhya Pradesh,combined,General Index (All Groups),101.39,
2025-01-01,Madhya Pradesh,rural,General Index (All Groups),101.57,
2025-01-01,Madhya Pradesh,urban,General Index (All Groups),101.12,
2025-01-01,Maharashtra,combined,General Index (All Groups),101.62,
2025-01-01,Maharashtra,rural,General Index (All Groups),101.68,
2025-01-01,Maharashtra,urban,General Index (All Groups),101.58,
2025-01-01,Manipur,combined,General Index (All Groups),102.17,
2025-01-01,Manipur,rural,General Index (All Groups),102.22,
2025-01-01,Manipur,urban,General Index (All Groups),102.06,
2025-01-01,Meghalaya,combined,General Index (All Groups),102.52,
2025-01-01,Meghalaya,rural,General Index (All Groups),102.76,
2025-01-01,Meghalaya,urban,General Index (All Groups),101.85,
2025-01-01,Mizoram,combined,General Index (All Groups),102.26,
2025-01-01,Mizoram,rural,General Index (All Groups),102.55,
2025-01-01,Mizoram,urban,General Index (All Groups),102.05,
2025-01-01,Nagaland,combined,General Index (All Groups),102.24,
2025-01-01,Nagaland,rural,General Index (All Groups),102.66,
2025-01-01,Nagaland,urban,General Index (All Groups),101.56,
2025-01-01,Nct Of Delhi,combined,General Index (All Groups),100.84,
2025-01-01,Nct Of Delhi,rural,General Index (All Groups),99.85,
2025-01-01,Nct Of Delhi,urban,General Index (All Groups),100.86,
2025-01-01,Odisha,combined,General Index (All Groups),101.68,
2025-01-01,Odisha,rural,General Index (All Groups),101.85,
2025-01-01,Odisha,urban,General Index (All Groups),101.22,
2025-01-01,Puducherry,combined,General Index (All Groups),101.83,
2025-01-01,Puducherry,rural,General Index (All Groups),102.52,
2025-01-01,Puducherry,urban,General Index (All Groups),101.52,
2025-01-01,Punjab,combined,General Index (All Groups),101.79,
2025-01-01,Punjab,rural,General Index (All Groups),101.98,
2025-01-01,Punjab,urban,General Index (All Groups),101.58,
2025-01-01,Rajasthan,combined,General Index (All Groups),101.62,
2025-01-01,Rajasthan,rural,General Index (All Groups),101.63,
2025-01-01,Rajasthan,urban,General Index (All Groups),101.61,
2025-01-01,Sikkim,combined,General Index (All Groups),102.27,
2025-01-01,Sikkim,rural,General Index (All Groups),102.44,
2025-01-01,Sikkim,urban,General Index (All Groups),101.94,
2025-01-01,Tamil Nadu,combined,General Index (All Groups),102.15,
2025-01-01,Tamil Nadu,rural,General Index (All Groups),102.31,
2025-01-01,Tamil Nadu,urban,General Index (All Groups),102.03,
2025-01-01,Telangana,combined,General Index (All Groups),101.6,
2025-01-01,Telangana,rural,General Index (All Groups),101.64,
2025-01-01,Telangana,urban,General Index (All Groups),101.57,
2025-01-01,The Dadra And Nagar Haveli And Daman And Diu,combined,General Index (All Groups),101.34,
2025-01-01,The Dadra And Nagar Haveli And Daman And Diu,rural,General Index (All Groups),101.13,
2025-01-01,The Dadra And Nagar Haveli And Daman And Diu,urban,General Index (All Groups),101.41,
2025-01-01,Tripura,combined,General Index (All Groups),100.73,
2025-01-01,Tripura,rural,General Index (All Groups),100.6,
2025-01-01,Tripura,urban,General Index (All Groups),101.15,
2025-01-01,Uttar Pradesh,combined,General Index (All Groups),101.82,
2025-01-01,Uttar Pradesh,rural,General Index (All Groups),101.96,
2025-01-01,Uttar Pradesh,urban,General Index (All Groups),101.5,
2025-01-01,Uttarakhand,combined,General Index (All Groups),102.29,
2025-01-01,Uttarakhand,rural,General Index (All Groups),102.6,
2025-01-01,Uttarakhand,urban,General Index (All Groups),101.75,
2025-01-01,West Bengal,combined,General Index (All Groups),101.18,
2025-01-01,West Bengal,rural,General Index (All Groups),101.17,
2025-01-01,West Bengal,urban,General Index (All Groups),101.2,
2025-02-01,All India,combined,General Index (All Groups),101.32,
2025-02-01,All India,rural,General Index (All Groups),101.33,
2025-02-01,All India,urban,General Index (All Groups),101.3,
2025-02-01,Andaman And Nicobar Islands,combined,General Index (All Groups),102.02,
2025-02-01,Andaman And Nicobar Islands,rural,General Index (All Groups),101.82,
2025-02-01,Andaman And Nicobar Islands,urban,General Index (All Groups),102.23,
2025-02-01,Andhra Pradesh,combined,General Index (All Groups),100.71,
2025-02-01,Andhra Pradesh,rural,General Index (All Groups),100.76,
2025-02-01,Andhra Pradesh,urban,General Index (All Groups),100.62,
2025-02-01,Arunachal Pradesh,combined,General Index (All Groups),101.07,
2025-02-01,Arunachal Pradesh,rural,General Index (All Groups),100.96,
2025-02-01,Arunachal Pradesh,urban,General Index (All Groups),101.38,
2025-02-01,Assam,combined,General Index (All Groups),100.92,
2025-02-01,Assam,rural,General Index (All Groups),100.98,
2025-02-01,Assam,urban,General Index (All Groups),100.67,
2025-02-01,Bihar,combined,General Index (All Groups),100.97,
2025-02-01,Bihar,rural,General Index (All Groups),100.98,
2025-02-01,Bihar,urban,General Index (All Groups),100.91,
2025-02-01,Chandigarh,combined,General Index (All Groups),101.05,
2025-02-01,Chandigarh,urban,General Index (All Groups),101.05,
2025-02-01,Chhattisgarh,combined,General Index (All Groups),100.19,
2025-02-01,Chhattisgarh,rural,General Index (All Groups),100.12,
2025-02-01,Chhattisgarh,urban,General Index (All Groups),100.32,
2025-02-01,Goa,combined,General Index (All Groups),101.55,
2025-02-01,Goa,rural,General Index (All Groups),101.83,
2025-02-01,Goa,urban,General Index (All Groups),101.4,
2025-02-01,Gujarat,combined,General Index (All Groups),100.93,
2025-02-01,Gujarat,rural,General Index (All Groups),100.83,
2025-02-01,Gujarat,urban,General Index (All Groups),101.0,
2025-02-01,Haryana,combined,General Index (All Groups),101.65,
2025-02-01,Haryana,rural,General Index (All Groups),101.7,
2025-02-01,Haryana,urban,General Index (All Groups),101.6,
2025-02-01,Himachal Pradesh,combined,General Index (All Groups),101.78,
2025-02-01,Himachal Pradesh,rural,General Index (All Groups),101.83,
2025-02-01,Himachal Pradesh,urban,General Index (All Groups),101.53,
2025-02-01,Jammu And Kashmir,combined,General Index (All Groups),102.5,
2025-02-01,Jammu And Kashmir,rural,General Index (All Groups),102.8,
2025-02-01,Jammu And Kashmir,urban,General Index (All Groups),101.71,
2025-02-01,Jharkhand,combined,General Index (All Groups),101.1,
2025-02-01,Jharkhand,rural,General Index (All Groups),101.21,
2025-02-01,Jharkhand,urban,General Index (All Groups),100.88,
2025-02-01,Karnataka,combined,General Index (All Groups),101.98,
2025-02-01,Karnataka,rural,General Index (All Groups),102.2,
2025-02-01,Karnataka,urban,General Index (All Groups),101.77,
2025-02-01,Kerala,combined,General Index (All Groups),101.88,
2025-02-01,Kerala,rural,General Index (All Groups),102.12,
2025-02-01,Kerala,urban,General Index (All Groups),101.69,
2025-02-01,Ladakh,combined,General Index (All Groups),103.71,
2025-02-01,Ladakh,rural,General Index (All Groups),103.75,
2025-02-01,Ladakh,urban,General Index (All Groups),103.6,
2025-02-01,Lakshadweep,combined,General Index (All Groups),101.74,
2025-02-01,Lakshadweep,rural,General Index (All Groups),101.71,
2025-02-01,Lakshadweep,urban,General Index (All Groups),101.75,
2025-02-01,Madhya Pradesh,combined,General Index (All Groups),100.97,
2025-02-01,Madhya Pradesh,rural,General Index (All Groups),101.12,
2025-02-01,Madhya Pradesh,urban,General Index (All Groups),100.73,
2025-02-01,Maharashtra,combined,General Index (All Groups),101.52,
2025-02-01,Maharashtra,rural,General Index (All Groups),101.58,
2025-02-01,Maharashtra,urban,General Index (All Groups),101.49,
2025-02-01,Manipur,combined,General Index (All Groups),101.54,
2025-02-01,Manipur,rural,General Index (All Groups),101.55,
2025-02-01,Manipur,urban,General Index (All Groups),101.51,
2025-02-01,Meghalaya,combined,General Index (All Groups),101.52,
2025-02-01,Meghalaya,rural,General Index (All Groups),101.62,
2025-02-01,Meghalaya,urban,General Index (All Groups),101.24,
2025-02-01,Mizoram,combined,General Index (All Groups),102.18,
2025-02-01,Mizoram,rural,General Index (All Groups),102.47,
2025-02-01,Mizoram,urban,General Index (All Groups),101.96,
2025-02-01,Nagaland,combined,General Index (All Groups),101.87,
2025-02-01,Nagaland,rural,General Index (All Groups),102.31,
2025-02-01,Nagaland,urban,General Index (All Groups),101.18,
2025-02-01,Nct Of Delhi,combined,General Index (All Groups),100.86,
2025-02-01,Nct Of Delhi,rural,General Index (All Groups),99.46,
2025-02-01,Nct Of Delhi,urban,General Index (All Groups),100.89,
2025-02-01,Odisha,combined,General Index (All Groups),100.33,
2025-02-01,Odisha,rural,General Index (All Groups),100.28,
2025-02-01,Odisha,urban,General Index (All Groups),100.48,
2025-02-01,Puducherry,combined,General Index (All Groups),101.59,
2025-02-01,Puducherry,rural,General Index (All Groups),102.17,
2025-02-01,Puducherry,urban,General Index (All Groups),101.32,
2025-02-01,Punjab,combined,General Index (All Groups),101.55,
2025-02-01,Punjab,rural,General Index (All Groups),101.74,
2025-02-01,Punjab,urban,General Index (All Groups),101.34,
2025-02-01,Rajasthan,combined,General Index (All Groups),101.52,
2025-02-01,Rajasthan,rural,General Index (All Groups),101.44,
2025-02-01,Rajasthan,urban,General Index (All Groups),101.68,
2025-02-01,Sikkim,combined,General Index (All Groups),101.98,
2025-02-01,Sikkim,rural,General Index (All Groups),102.13,
2025-02-01,Sikkim,urban,General Index (All Groups),101.69,
2025-02-01,Tamil Nadu,combined,General Index (All Groups),101.81,
2025-02-01,Tamil Nadu,rural,General Index (All Groups),101.82,
2025-02-01,Tamil Nadu,urban,General Index (All Groups),101.8,
2025-02-01,Telangana,combined,General Index (All Groups),101.67,
2025-02-01,Telangana,rural,General Index (All Groups),101.55,
2025-02-01,Telangana,urban,General Index (All Groups),101.76,
2025-02-01,The Dadra And Nagar Haveli And Daman And Diu,combined,General Index (All Groups),100.62,
2025-02-01,The Dadra And Nagar Haveli And Daman And Diu,rural,General Index (All Groups),100.38,
2025-02-01,The Dadra And Nagar Haveli And Daman And Diu,urban,General Index (All Groups),100.7,
2025-02-01,Tripura,combined,General Index (All Groups),100.07,
2025-02-01,Tripura,rural,General Index (All Groups),100.0,
2025-02-01,Tripura,urban,General Index (All Groups),100.31,
2025-02-01,Uttar Pradesh,combined,General Index (All Groups),101.24,
2025-02-01,Uttar Pradesh,rural,General Index (All Groups),101.31,
2025-02-01,Uttar Pradesh,urban,General Index (All Groups),101.09,
2025-02-01,Uttarakhand,combined,General Index (All Groups),101.99,
2025-02-01,Uttarakhand,rural,General Index (All Groups),102.34,
2025-02-01,Uttarakhand,urban,General Index (All Groups),101.37,
2025-02-01,West Bengal,combined,General Index (All Groups),100.8,
2025-02-01,West Bengal,rural,General Index (All Groups),100.8,
2025-02-01,West Bengal,urban,General Index (All Groups),100.78,
2025-03-01,All India,combined,General Index (All Groups),101.39,
2025-03-01,All India,rural,General Index (All Groups),101.34,
2025-03-01,All India,urban,General Index (All Groups),101.47,
2025-03-01,Andaman And Nicobar Islands,combined,General Index (All Groups),102.28,
2025-03-01,Andaman And Nicobar Islands,rural,General Index (All Groups),102.45,
2025-03-01,Andaman And Nicobar Islands,urban,General Index (All Groups),102.1,
2025-03-01,Andhra Pradesh,combined,General Index (All Groups),100.74,
2025-03-01,Andhra Pradesh,rural,General Index (All Groups),100.58,
2025-03-01,Andhra Pradesh,urban,General Index (All Groups),100.99,
2025-03-01,Arunachal Pradesh,combined,General Index (All Groups),101.0,
2025-03-01,Arunachal Pradesh,rural,General Index (All Groups),100.82,
2025-03-01,Arunachal Pradesh,urban,General Index (All Groups),101.53,
2025-03-01,Assam,combined,General Index (All Groups),101.02,
2025-03-01,Assam,rural,General Index (All Groups),101.0,
2025-03-01,Assam,urban,General Index (All Groups),101.06,
2025-03-01,Bihar,combined,General Index (All Groups),100.98,
2025-03-01,Bihar,rural,General Index (All Groups),101.0,
2025-03-01,Bihar,urban,General Index (All Groups),100.9,
2025-03-01,Chandigarh,combined,General Index (All Groups),101.02,
2025-03-01,Chandigarh,urban,General Index (All Groups),101.02,
2025-03-01,Chhattisgarh,combined,General Index (All Groups),100.47,
2025-03-01,Chhattisgarh,rural,General Index (All Groups),100.39,
2025-03-01,Chhattisgarh,urban,General Index (All Groups),100.62,
2025-03-01,Goa,combined,General Index (All Groups),101.61,
2025-03-01,Goa,rural,General Index (All Groups),101.81,
2025-03-01,Goa,urban,General Index (All Groups),101.49,
2025-03-01,Gujarat,combined,General Index (All Groups),100.88,
2025-03-01,Gujarat,rural,General Index (All Groups),100.62,
2025-03-01,Gujarat,urban,General Index (All Groups),101.06,
2025-03-01,Haryana,combined,General Index (All Groups),102.04,
2025-03-01,Haryana,rural,General Index (All Groups),101.82,
2025-03-01,Haryana,urban,General Index (All Groups),102.26,
2025-03-01,Himachal Pradesh,combined,General Index (All Groups),101.69,
2025-03-01,Himachal Pradesh,rural,General Index (All Groups),101.7,
2025-03-01,Himachal Pradesh,urban,General Index (All Groups),101.65,
2025-03-01,Jammu And Kashmir,combined,General Index (All Groups),102.62,
2025-03-01,Jammu And Kashmir,rural,General Index (All Groups),102.91,
2025-03-01,Jammu And Kashmir,urban,General Index (All Groups),101.89,
2025-03-01,Jharkhand,combined,General Index (All Groups),100.63,
2025-03-01,Jharkhand,rural,General Index (All Groups),100.7,
2025-03-01,Jharkhand,urban,General Index (All Groups),100.51,
2025-03-01,Karnataka,combined,General Index (All Groups),101.79,
2025-03-01,Karnataka,rural,General Index (All Groups),101.88,
2025-03-01,Karnataka,urban,General Index (All Groups),101.69,
2025-03-01,Kerala,combined,General Index (All Groups),101.83,
2025-03-01,Kerala,rural,General Index (All Groups),101.85,
2025-03-01,Kerala,urban,General Index (All Groups),101.81,
2025-03-01,Ladakh,combined,General Index (All Groups),104.43,
2025-03-01,Ladakh,rural,General Index (All Groups),104.56,
2025-03-01,Ladakh,urban,General Index (All Groups),104.05,
2025-03-01,Lakshadweep,combined,General Index (All Groups),101.98,
2025-03-01,Lakshadweep,rural,General Index (All Groups),101.67,
2025-03-01,Lakshadweep,urban,General Index (All Groups),102.09,
2025-03-01,Madhya Pradesh,combined,General Index (All Groups),101.17,
2025-03-01,Madhya Pradesh,rural,General Index (All Groups),101.27,
2025-03-01,Madhya Pradesh,urban,General Index (All Groups),101.0,
2025-03-01,Maharashtra,combined,General Index (All Groups),101.61,
2025-03-01,Maharashtra,rural,General Index (All Groups),101.5,
2025-03-01,Maharashtra,urban,General Index (All Groups),101.68,
2025-03-01,Manipur,combined,General Index (All Groups),100.83,
2025-03-01,Manipur,rural,General Index (All Groups),100.74,
2025-03-01,Manipur,urban,General Index (All Groups),101.02,
2025-03-01,Meghalaya,combined,General Index (All Groups),101.21,
2025-03-01,Meghalaya,rural,General Index (All Groups),101.24,
2025-03-01,Meghalaya,urban,General Index (All Groups),101.15,
2025-03-01,Mizoram,combined,General Index (All Groups),101.99,
2025-03-01,Mizoram,rural,General Index (All Groups),102.31,
2025-03-01,Mizoram,urban,General Index (All Groups),101.76,
2025-03-01,Nagaland,combined,General Index (All Groups),101.75,
2025-03-01,Nagaland,rural,General Index (All Groups),102.21,
2025-03-01,Nagaland,urban,General Index (All Groups),101.01,
2025-03-01,Nct Of Delhi,combined,General Index (All Groups),101.31,
2025-03-01,Nct Of Delhi,rural,General Index (All Groups),99.72,
2025-03-01,Nct Of Delhi,urban,General Index (All Groups),101.35,
2025-03-01,Odisha,combined,General Index (All Groups),100.32,
2025-03-01,Odisha,rural,General Index (All Groups),100.21,
2025-03-01,Odisha,urban,General Index (All Groups),100.62,
2025-03-01,Puducherry,combined,General Index (All Groups),101.38,
2025-03-01,Puducherry,rural,General Index (All Groups),101.47,
2025-03-01,Puducherry,urban,General Index (All Groups),101.33,
2025-03-01,Punjab,combined,General Index (All Groups),102.06,
2025-03-01,Punjab,rural,General Index (All Groups),102.31,
2025-03-01,Punjab,urban,General Index (All Groups),101.77,
2025-03-01,Rajasthan,combined,General Index (All Groups),101.66,
2025-03-01,Rajasthan,rural,General Index (All Groups),101.66,
2025-03-01,Rajasthan,urban,General Index (All Groups),101.66,
2025-03-01,Sikkim,combined,General Index (All Groups),101.79,
2025-03-01,Sikkim,rural,General Index (All Groups),101.91,
2025-03-01,Sikkim,urban,General Index (All Groups),101.56,
2025-03-01,Tamil Nadu,combined,General Index (All Groups),101.47,
2025-03-01,Tamil Nadu,rural,General Index (All Groups),101.32,
2025-03-01,Tamil Nadu,urban,General Index (All Groups),101.58,
2025-03-01,Telangana,combined,General Index (All Groups),101.67,
2025-03-01,Telangana,rural,General Index (All Groups),101.42,
2025-03-01,Telangana,urban,General Index (All Groups),101.86,
2025-03-01,The Dadra And Nagar Haveli And Daman And Diu,combined,General Index (All Groups),100.55,
2025-03-01,The Dadra And Nagar Haveli And Daman And Diu,rural,General Index (All Groups),100.06,
2025-03-01,The Dadra And Nagar Haveli And Daman And Diu,urban,General Index (All Groups),100.72,
2025-03-01,Tripura,combined,General Index (All Groups),99.91,
2025-03-01,Tripura,rural,General Index (All Groups),99.81,
2025-03-01,Tripura,urban,General Index (All Groups),100.23,
2025-03-01,Uttar Pradesh,combined,General Index (All Groups),101.62,
2025-03-01,Uttar Pradesh,rural,General Index (All Groups),101.64,
2025-03-01,Uttar Pradesh,urban,General Index (All Groups),101.56,
2025-03-01,Uttarakhand,combined,General Index (All Groups),102.14,
2025-03-01,Uttarakhand,rural,General Index (All Groups),102.43,
2025-03-01,Uttarakhand,urban,General Index (All Groups),101.65,
2025-03-01,West Bengal,combined,General Index (All Groups),100.99,
2025-03-01,West Bengal,rural,General Index (All Groups),100.92,
2025-03-01,West Bengal,urban,General Index (All Groups),101.07,
2025-04-01,All India,combined,General Index (All Groups),101.58,
2025-04-01,All India,rural,General Index (All Groups),101.49,
2025-04-01,All India,urban,General Index (All Groups),101.71,
2025-04-01,Andaman And Nicobar Islands,combined,General Index (All Groups),102.65,
2025-04-01,Andaman And Nicobar Islands,rural,General Index (All Groups),102.93,
2025-04-01,Andaman And Nicobar Islands,urban,General Index (All Groups),102.35,
2025-04-01,Andhra Pradesh,combined,General Index (All Groups),100.84,
2025-04-01,Andhra Pradesh,rural,General Index (All Groups),100.61,
2025-04-01,Andhra Pradesh,urban,General Index (All Groups),101.21,
2025-04-01,Arunachal Pradesh,combined,General Index (All Groups),101.31,
2025-04-01,Arunachal Pradesh,rural,General Index (All Groups),101.24,
2025-04-01,Arunachal Pradesh,urban,General Index (All Groups),101.51,
2025-04-01,Assam,combined,General Index (All Groups),100.89,
2025-04-01,Assam,rural,General Index (All Groups),100.87,
2025-04-01,Assam,urban,General Index (All Groups),100.97,
2025-04-01,Bihar,combined,General Index (All Groups),101.24,
2025-04-01,Bihar,rural,General Index (All Groups),101.25,
2025-04-01,Bihar,urban,General Index (All Groups),101.19,
2025-04-01,Chandigarh,combined,General Index (All Groups),101.41,
2025-04-01,Chandigarh,urban,General Index (All Groups),101.41,
2025-04-01,Chhattisgarh,combined,General Index (All Groups),100.08,
2025-04-01,Chhattisgarh,rural,General Index (All Groups),99.88,
2025-04-01,Chhattisgarh,urban,General Index (All Groups),100.46,
2025-04-01,Goa,combined,General Index (All Groups),102.04,
2025-04-01,Goa,rural,General Index (All Groups),102.35,
2025-04-01,Goa,urban,General Index (All Groups),101.87,
2025-04-01,Gujarat,combined,General Index (All Groups),101.11,
2025-04-01,Gujarat,rural,General Index (All Groups),100.94,
2025-04-01,Gujarat,urban,General Index (All Groups),101.23,
2025-04-01,Haryana,combined,General Index (All Groups),102.09,
2025-04-01,Haryana,rural,General Index (All Groups),101.94,
2025-04-01,Haryana,urban,General Index (All Groups),102.24,
2025-04-01,Himachal Pradesh,combined,General Index (All Groups),101.74,
2025-04-01,Himachal Pradesh,rural,General Index (All Groups),101.68,
2025-04-01,Himachal Pradesh,urban,General Index (All Groups),102.07,
2025-04-01,Jammu And Kashmir,combined,General Index (All Groups),102.66,
2025-04-01,Jammu And Kashmir,rural,General Index (All Groups),102.89,
2025-04-01,Jammu And Kashmir,urban,General Index (All Groups),102.09,
2025-04-01,Jharkhand,combined,General Index (All Groups),100.88,
2025-04-01,Jharkhand,rural,General Index (All Groups),100.94,
2025-04-01,Jharkhand,urban,General Index (All Groups),100.76,
2025-04-01,Karnataka,combined,General Index (All Groups),102.14,
2025-04-01,Karnataka,rural,General Index (All Groups),102.29,
2025-04-01,Karnataka,urban,General Index (All Groups),101.99,
2025-04-01,Kerala,combined,General Index (All Groups),102.22,
2025-04-01,Kerala,rural,General Index (All Groups),102.36,
2025-04-01,Kerala,urban,General Index (All Groups),102.1,
2025-04-01,Ladakh,combined,General Index (All Groups),103.62,
2025-04-01,Ladakh,rural,General Index (All Groups),103.67,
2025-04-01,Ladakh,urban,General Index (All Groups),103.47,
2025-04-01,Lakshadweep,combined,General Index (All Groups),102.16,
2025-04-01,Lakshadweep,rural,General Index (All Groups),101.92,
2025-04-01,Lakshadweep,urban,General Index (All Groups),102.26,
2025-04-01,Madhya Pradesh,combined,General Index (All Groups),101.57,
2025-04-01,Madhya Pradesh,rural,General Index (All Groups),101.61,
2025-04-01,Madhya Pradesh,urban,General Index (All Groups),101.51,
2025-04-01,Maharashtra,combined,General Index (All Groups),101.81,
2025-04-01,Maharashtra,rural,General Index (All Groups),101.71,
2025-04-01,Maharashtra,urban,General Index (All Groups),101.87,
2025-04-01,Manipur,combined,General Index (All Groups),100.77,
2025-04-01,Manipur,rural,General Index (All Groups),100.41,
2025-04-01,Manipur,urban,General Index (All Groups),101.51,
2025-04-01,Meghalaya,combined,General Index (All Groups),101.61,
2025-04-01,Meghalaya,rural,General Index (All Groups),101.61,
2025-04-01,Meghalaya,urban,General Index (All Groups),101.6,
2025-04-01,Mizoram,combined,General Index (All Groups),102.14,
2025-04-01,Mizoram,rural,General Index (All Groups),102.52,
2025-04-01,Mizoram,urban,General Index (All Groups),101.85,
2025-04-01,Nagaland,combined,General Index (All Groups),101.76,
2025-04-01,Nagaland,rural,General Index (All Groups),102.33,
2025-04-01,Nagaland,urban,General Index (All Groups),100.84,
2025-04-01,Nct Of Delhi,combined,General Index (All Groups),101.23,
2025-04-01,Nct Of Delhi,rural,General Index (All Groups),99.66,
2025-04-01,Nct Of Delhi,urban,General Index (All Groups),101.26,
2025-04-01,Odisha,combined,General Index (All Groups),100.53,
2025-04-01,Odisha,rural,General Index (All Groups),100.41,
2025-04-01,Odisha,urban,General Index (All Groups),100.83,
2025-04-01,Puducherry,combined,General Index (All Groups),101.54,
2025-04-01,Puducherry,rural,General Index (All Groups),101.5,
2025-04-01,Puducherry,urban,General Index (All Groups),101.56,
2025-04-01,Punjab,combined,General Index (All Groups),102.34,
2025-04-01,Punjab,rural,General Index (All Groups),102.59,
2025-04-01,Punjab,urban,General Index (All Groups),102.04,
2025-04-01,Rajasthan,combined,General Index (All Groups),101.71,
2025-04-01,Rajasthan,rural,General Index (All Groups),101.64,
2025-04-01,Rajasthan,urban,General Index (All Groups),101.84,
2025-04-01,Sikkim,combined,General Index (All Groups),102.2,
2025-04-01,Sikkim,rural,General Index (All Groups),102.23,
2025-04-01,Sikkim,urban,General Index (All Groups),102.13,
2025-04-01,Tamil Nadu,combined,General Index (All Groups),101.57,
2025-04-01,Tamil Nadu,rural,General Index (All Groups),101.31,
2025-04-01,Tamil Nadu,urban,General Index (All Groups),101.77,
2025-04-01,Telangana,combined,General Index (All Groups),102.03,
2025-04-01,Telangana,rural,General Index (All Groups),101.86,
2025-04-01,Telangana,urban,General Index (All Groups),102.15,
2025-04-01,The Dadra And Nagar Haveli And Daman And Diu,combined,General Index (All Groups),101.09,
2025-04-01,The Dadra And Nagar Haveli And Daman And Diu,rural,General Index (All Groups),100.84,
2025-04-01,The Dadra And Nagar Haveli And Daman And Diu,urban,General Index (All Groups),101.17,
2025-04-01,Tripura,combined,General Index (All Groups),100.34,
2025-04-01,Tripura,rural,General Index (All Groups),100.45,
2025-04-01,Tripura,urban,General Index (All Groups),99.95,
2025-04-01,Uttar Pradesh,combined,General Index (All Groups),101.73,
2025-04-01,Uttar Pradesh,rural,General Index (All Groups),101.66,
2025-04-01,Uttar Pradesh,urban,General Index (All Groups),101.88,
2025-04-01,Uttarakhand,combined,General Index (All Groups),102.3,
2025-04-01,Uttarakhand,rural,General Index (All Groups),102.6,
2025-04-01,Uttarakhand,urban,General Index (All Groups),101.79,
2025-04-01,West Bengal,combined,General Index (All Groups),101.27,
2025-04-01,West Bengal,rural,General Index (All Groups),100.94,
2025-04-01,West Bengal,urban,General Index (All Groups),101.67,
2025-05-01,All India,combined,General Index (All Groups),101.9,
2025-05-01,All India,rural,General Index (All Groups),101.78,
2025-05-01,All India,urban,General Index (All Groups),102.06,
2025-05-01,Andaman And Nicobar Islands,combined,General Index (All Groups),102.85,
2025-05-01,Andaman And Nicobar Islands,rural,General Index (All Groups),103.19,
2025-05-01,Andaman And Nicobar Islands,urban,General Index (All Groups),102.5,
2025-05-01,Andhra Pradesh,combined,General Index (All Groups),101.11,
2025-05-01,Andhra Pradesh,rural,General Index (All Groups),100.9,
2025-05-01,Andhra Pradesh,urban,General Index (All Groups),101.43,
2025-05-01,Arunachal Pradesh,combined,General Index (All Groups),101.73,
2025-05-01,Arunachal Pradesh,rural,General Index (All Groups),101.75,
2025-05-01,Arunachal Pradesh,urban,General Index (All Groups),101.67,
2025-05-01,Assam,combined,General Index (All Groups),101.29,
2025-05-01,Assam,rural,General Index (All Groups),101.21,
2025-05-01,Assam,urban,General Index (All Groups),101.57,
2025-05-01,Bihar,combined,General Index (All Groups),101.48,
2025-05-01,Bihar,rural,General Index (All Groups),101.45,
2025-05-01,Bihar,urban,General Index (All Groups),101.62,
2025-05-01,Chandigarh,combined,General Index (All Groups),102.06,
2025-05-01,Chandigarh,urban,General Index (All Groups),102.06,
2025-05-01,Chhattisgarh,combined,General Index (All Groups),100.04,
2025-05-01,Chhattisgarh,rural,General Index (All Groups),99.7,
2025-05-01,Chhattisgarh,urban,General Index (All Groups),100.69,
2025-05-01,Goa,combined,General Index (All Groups),102.34,
2025-05-01,Goa,rural,General Index (All Groups),102.58,
2025-05-01,Goa,urban,General Index (All Groups),102.21,
2025-05-01,Gujarat,combined,General Index (All Groups),101.49,
2025-05-01,Gujarat,rural,General Index (All Groups),101.24,
2025-05-01,Gujarat,urban,General Index (All Groups),101.66,
2025-05-01,Haryana,combined,General Index (All Groups),102.48,
2025-05-01,Haryana,rural,General Index (All Groups),102.34,
2025-05-01,Haryana,urban,General Index (All Groups),102.61,
2025-05-01,Himachal Pradesh,combined,General Index (All Groups),102.46,
2025-05-01,Himachal Pradesh,rural,General Index (All Groups),102.39,
2025-05-01,Himachal Pradesh,urban,General Index (All Groups),102.79,
2025-05-01,Jammu And Kashmir,combined,General Index (All Groups),102.8,
2025-05-01,Jammu And Kashmir,rural,General Index (All Groups),103.02,
2025-05-01,Jammu And Kashmir,urban,General Index (All Groups),102.22,
2025-05-01,Jharkhand,combined,General Index (All Groups),100.53,
2025-05-01,Jharkhand,rural,General Index (All Groups),100.62,
2025-05-01,Jharkhand,urban,General Index (All Groups),100.35,
2025-05-01,Karnataka,combined,General Index (All Groups),102.44,
2025-05-01,Karnataka,rural,General Index (All Groups),102.63,
2025-05-01,Karnataka,urban,General Index (All Groups),102.24,
2025-05-01,Kerala,combined,General Index (All Groups),102.85,
2025-05-01,Kerala,rural,General Index (All Groups),103.17,
2025-05-01,Kerala,urban,General Index (All Groups),102.59,
2025-05-01,Ladakh,combined,General Index (All Groups),103.19,
2025-05-01,Ladakh,rural,General Index (All Groups),103.28,
2025-05-01,Ladakh,urban,General Index (All Groups),102.93,
2025-05-01,Lakshadweep,combined,General Index (All Groups),102.64,
2025-05-01,Lakshadweep,rural,General Index (All Groups),102.27,
2025-05-01,Lakshadweep,urban,General Index (All Groups),102.77,
2025-05-01,Madhya Pradesh,combined,General Index (All Groups),101.89,
2025-05-01,Madhya Pradesh,rural,General Index (All Groups),101.98,
2025-05-01,Madhya Pradesh,urban,General Index (All Groups),101.76,
2025-05-01,Maharashtra,combined,General Index (All Groups),102.26,
2025-05-01,Maharashtra,rural,General Index (All Groups),102.16,
2025-05-01,Maharashtra,urban,General Index (All Groups),102.32,
2025-05-01,Manipur,combined,General Index (All Groups),100.71,
2025-05-01,Manipur,rural,General Index (All Groups),100.2,
2025-05-01,Manipur,urban,General Index (All Groups),101.78,
2025-05-01,Meghalaya,combined,General Index (All Groups),102.43,
2025-05-01,Meghalaya,rural,General Index (All Groups),102.59,
2025-05-01,Meghalaya,urban,General Index (All Groups),101.95,
2025-05-01,Mizoram,combined,General Index (All Groups),102.16,
2025-05-01,Mizoram,rural,General Index (All Groups),102.54,
2025-05-01,Mizoram,urban,General Index (All Groups),101.89,
2025-05-01,Nagaland,combined,General Index (All Groups),102.05,
2025-05-01,Nagaland,rural,General Index (All Groups),102.47,
2025-05-01,Nagaland,urban,General Index (All Groups),101.38,
2025-05-01,Nct Of Delhi,combined,General Index (All Groups),101.36,
2025-05-01,Nct Of Delhi,rural,General Index (All Groups),99.78,
2025-05-01,Nct Of Delhi,urban,General Index (All Groups),101.39,
2025-05-01,Odisha,combined,General Index (All Groups),100.59,
2025-05-01,Odisha,rural,General Index (All Groups),100.43,
2025-05-01,Odisha,urban,General Index (All Groups),101.02,
2025-05-01,Puducherry,combined,General Index (All Groups),102.1,
2025-05-01,Puducherry,rural,General Index (All Groups),101.98,
2025-05-01,Puducherry,urban,General Index (All Groups),102.15,
2025-05-01,Punjab,combined,General Index (All Groups),102.76,
2025-05-01,Punjab,rural,General Index (All Groups),102.93,
2025-05-01,Punjab,urban,General Index (All Groups),102.56,
2025-05-01,Rajasthan,combined,General Index (All Groups),102.06,
2025-05-01,Rajasthan,rural,General Index (All Groups),101.92,
2025-05-01,Rajasthan,urban,General Index (All Groups),102.33,
2025-05-01,Sikkim,combined,General Index (All Groups),102.59,
2025-05-01,Sikkim,rural,General Index (All Groups),102.65,
2025-05-01,Sikkim,urban,General Index (All Groups),102.49,
2025-05-01,Tamil Nadu,combined,General Index (All Groups),101.93,
2025-05-01,Tamil Nadu,rural,General Index (All Groups),101.7,
2025-05-01,Tamil Nadu,urban,General Index (All Groups),102.11,
2025-05-01,Telangana,combined,General Index (All Groups),102.47,
2025-05-01,Telangana,rural,General Index (All Groups),102.35,
2025-05-01,Telangana,urban,General Index (All Groups),102.55,
2025-05-01,The Dadra And Nagar Haveli And Daman And Diu,combined,General Index (All Groups),101.5,
2025-05-01,The Dadra And Nagar Haveli And Daman And Diu,rural,General Index (All Groups),101.57,
2025-05-01,The Dadra And Nagar Haveli And Daman And Diu,urban,General Index (All Groups),101.47,
2025-05-01,Tripura,combined,General Index (All Groups),100.93,
2025-05-01,Tripura,rural,General Index (All Groups),101.03,
2025-05-01,Tripura,urban,General Index (All Groups),100.58,
2025-05-01,Uttar Pradesh,combined,General Index (All Groups),101.98,
2025-05-01,Uttar Pradesh,rural,General Index (All Groups),101.86,
2025-05-01,Uttar Pradesh,urban,General Index (All Groups),102.24,
2025-05-01,Uttarakhand,combined,General Index (All Groups),102.55,
2025-05-01,Uttarakhand,rural,General Index (All Groups),102.72,
2025-05-01,Uttarakhand,urban,General Index (All Groups),102.26,
2025-05-01,West Bengal,combined,General Index (All Groups),101.53,
2025-05-01,West Bengal,rural,General Index (All Groups),101.2,
2025-05-01,West Bengal,urban,General Index (All Groups),101.94,
2025-06-01,All India,combined,General Index (All Groups),102.51,
2025-06-01,All India,rural,General Index (All Groups),102.39,
2025-06-01,All India,urban,General Index (All Groups),102.66,
2025-06-01,Andaman And Nicobar Islands,combined,General Index (All Groups),104.22,
2025-06-01,Andaman And Nicobar Islands,rural,General Index (All Groups),105.21,
2025-06-01,Andaman And Nicobar Islands,urban,General Index (All Groups),103.21,
2025-06-01,Andhra Pradesh,combined,General Index (All Groups),101.41,
2025-06-01,Andhra Pradesh,rural,General Index (All Groups),101.12,
2025-06-01,Andhra Pradesh,urban,General Index (All Groups),101.87,
2025-06-01,Arunachal Pradesh,combined,General Index (All Groups),102.38,
2025-06-01,Arunachal Pradesh,rural,General Index (All Groups),102.51,
2025-06-01,Arunachal Pradesh,urban,General Index (All Groups),102.02,
2025-06-01,Assam,combined,General Index (All Groups),101.59,
2025-06-01,Assam,rural,General Index (All Groups),101.52,
2025-06-01,Assam,urban,General Index (All Groups),101.86,
2025-06-01,Bihar,combined,General Index (All Groups),101.96,
2025-06-01,Bihar,rural,General Index (All Groups),101.94,
2025-06-01,Bihar,urban,General Index (All Groups),102.07,
2025-06-01,Chandigarh,combined,General Index (All Groups),102.87,
2025-06-01,Chandigarh,urban,General Index (All Groups),102.87,
2025-06-01,Chhattisgarh,combined,General Index (All Groups),100.58,
2025-06-01,Chhattisgarh,rural,General Index (All Groups),100.25,
2025-06-01,Chhattisgarh,urban,General Index (All Groups),101.21,
2025-06-01,Goa,combined,General Index (All Groups),102.66,
2025-06-01,Goa,rural,General Index (All Groups),103.01,
2025-06-01,Goa,urban,General Index (All Groups),102.47,
2025-06-01,Gujarat,combined,General Index (All Groups),102.19,
2025-06-01,Gujarat,rural,General Index (All Groups),101.99,
2025-06-01,Gujarat,urban,General Index (All Groups),102.33,
2025-06-01,Haryana,combined,General Index (All Groups),102.93,
2025-06-01,Haryana,rural,General Index (All Groups),102.87,
2025-06-01,Haryana,urban,General Index (All Groups),102.99,
2025-06-01,Himachal Pradesh,combined,General Index (All Groups),103.2,
2025-06-01,Himachal Pradesh,rural,General Index (All Groups),103.2,
2025-06-01,Himachal Pradesh,urban,General Index (All Groups),103.21,
2025-06-01,Jammu And Kashmir,combined,General Index (All Groups),103.06,
2025-06-01,Jammu And Kashmir,rural,General Index (All Groups),103.29,
2025-06-01,Jammu And Kashmir,urban,General Index (All Groups),102.45,
2025-06-01,Jharkhand,combined,General Index (All Groups),101.22,
2025-06-01,Jharkhand,rural,General Index (All Groups),101.37,
2025-06-01,Jharkhand,urban,General Index (All Groups),100.93,
2025-06-01,Karnataka,combined,General Index (All Groups),103.0,
2025-06-01,Karnataka,rural,General Index (All Groups),103.12,
2025-06-01,Karnataka,urban,General Index (All Groups),102.88,
2025-06-01,Kerala,combined,General Index (All Groups),104.35,
2025-06-01,Kerala,rural,General Index (All Groups),104.75,
2025-06-01,Kerala,urban,General Index (All Groups),104.02,
2025-06-01,Ladakh,combined,General Index (All Groups),103.17,
2025-06-01,Ladakh,rural,General Index (All Groups),103.3,
2025-06-01,Ladakh,urban,General Index (All Groups),102.77,
2025-06-01,Lakshadweep,combined,General Index (All Groups),103.8,
2025-06-01,Lakshadweep,rural,General Index (All Groups),103.25,
2025-06-01,Lakshadweep,urban,General Index (All Groups),104.01,
2025-06-01,Madhya Pradesh,combined,General Index (All Groups),102.24,
2025-06-01,Madhya Pradesh,rural,General Index (All Groups),102.3,
2025-06-01,Madhya Pradesh,urban,General Index (All Groups),102.14,
2025-06-01,Maharashtra,combined,General Index (All Groups),102.99,
2025-06-01,Maharashtra,rural,General Index (All Groups),102.98,
2025-06-01,Maharashtra,urban,General Index (All Groups),102.99,
2025-06-01,Manipur,combined,General Index (All Groups),101.17,
2025-06-01,Manipur,rural,General Index (All Groups),100.62,
2025-06-01,Manipur,urban,General Index (All Groups),102.33,
2025-06-01,Meghalaya,combined,General Index (All Groups),102.99,
2025-06-01,Meghalaya,rural,General Index (All Groups),103.26,
2025-06-01,Meghalaya,urban,General Index (All Groups),102.24,
2025-06-01,Mizoram,combined,General Index (All Groups),102.24,
2025-06-01,Mizoram,rural,General Index (All Groups),102.69,
2025-06-01,Mizoram,urban,General Index (All Groups),101.9,
2025-06-01,Nagaland,combined,General Index (All Groups),102.74,
2025-06-01,Nagaland,rural,General Index (All Groups),103.5,
2025-06-01,Nagaland,urban,General Index (All Groups),101.53,
2025-06-01,Nct Of Delhi,combined,General Index (All Groups),101.74,
2025-06-01,Nct Of Delhi,rural,General Index (All Groups),100.54,
2025-06-01,Nct Of Delhi,urban,General Index (All Groups),101.77,
2025-06-01,Odisha,combined,General Index (All Groups),101.06,
2025-06-01,Odisha,rural,General Index (All Groups),100.98,
2025-06-01,Odisha,urban,General Index (All Groups),101.29,
2025-06-01,Puducherry,combined,General Index (All Groups),102.94,
2025-06-01,Puducherry,rural,General Index (All Groups),102.66,
2025-06-01,Puducherry,urban,General Index (All Groups),103.06,
2025-06-01,Punjab,combined,General Index (All Groups),103.45,
2025-06-01,Punjab,rural,General Index (All Groups),103.57,
2025-06-01,Punjab,urban,General Index (All Groups),103.31,
2025-06-01,Rajasthan,combined,General Index (All Groups),102.63,
2025-06-01,Rajasthan,rural,General Index (All Groups),102.51,
2025-06-01,Rajasthan,urban,General Index (All Groups),102.85,
2025-06-01,Sikkim,combined,General Index (All Groups),102.98,
2025-06-01,Sikkim,rural,General Index (All Groups),103.05,
2025-06-01,Sikkim,urban,General Index (All Groups),102.83,
2025-06-01,Tamil Nadu,combined,General Index (All Groups),102.78,
2025-06-01,Tamil Nadu,rural,General Index (All Groups),102.61,
2025-06-01,Tamil Nadu,urban,General Index (All Groups),102.91,
2025-06-01,Telangana,combined,General Index (All Groups),102.98,
2025-06-01,Telangana,rural,General Index (All Groups),102.85,
2025-06-01,Telangana,urban,General Index (All Groups),103.07,
2025-06-01,The Dadra And Nagar Haveli And Daman And Diu,combined,General Index (All Groups),102.7,
2025-06-01,The Dadra And Nagar Haveli And Daman And Diu,rural,General Index (All Groups),102.78,
2025-06-01,The Dadra And Nagar Haveli And Daman And Diu,urban,General Index (All Groups),102.67,
2025-06-01,Tripura,combined,General Index (All Groups),101.83,
2025-06-01,Tripura,rural,General Index (All Groups),102.01,
2025-06-01,Tripura,urban,General Index (All Groups),101.23,
2025-06-01,Uttar Pradesh,combined,General Index (All Groups),102.51,
2025-06-01,Uttar Pradesh,rural,General Index (All Groups),102.41,
2025-06-01,Uttar Pradesh,urban,General Index (All Groups),102.71,
2025-06-01,Uttarakhand,combined,General Index (All Groups),103.2,
2025-06-01,Uttarakhand,rural,General Index (All Groups),103.6,
2025-06-01,Uttarakhand,urban,General Index (All Groups),102.51,
2025-06-01,West Bengal,combined,General Index (All Groups),102.03,
2025-06-01,West Bengal,rural,General Index (All Groups),101.78,
2025-06-01,West Bengal,urban,General Index (All Groups),102.34,
2025-07-01,All India,combined,General Index (All Groups),103.35,
2025-07-01,All India,rural,General Index (All Groups),103.34,
2025-07-01,All India,urban,General Index (All Groups),103.36,
2025-07-01,Andaman And Nicobar Islands,combined,General Index (All Groups),104.96,
2025-07-01,Andaman And Nicobar Islands,rural,General Index (All Groups),105.85,
2025-07-01,Andaman And Nicobar Islands,urban,General Index (All Groups),104.05,
2025-07-01,Andhra Pradesh,combined,General Index (All Groups),101.88,
2025-07-01,Andhra Pradesh,rural,General Index (All Groups),101.58,
2025-07-01,Andhra Pradesh,urban,General Index (All Groups),102.34,
2025-07-01,Arunachal Pradesh,combined,General Index (All Groups),102.49,
2025-07-01,Arunachal Pradesh,rural,General Index (All Groups),102.59,
2025-07-01,Arunachal Pradesh,urban,General Index (All Groups),102.22,
2025-07-01,Assam,combined,General Index (All Groups),102.14,
2025-07-01,Assam,rural,General Index (All Groups),102.22,
2025-07-01,Assam,urban,General Index (All Groups),101.87,
2025-07-01,Bihar,combined,General Index (All Groups),103.14,
2025-07-01,Bihar,rural,General Index (All Groups),103.17,
2025-07-01,Bihar,urban,General Index (All Groups),102.94,
2025-07-01,Chandigarh,combined,General Index (All Groups),103.59,
2025-07-01,Chandigarh,urban,General Index (All Groups),103.59,
2025-07-01,Chhattisgarh,combined,General Index (All Groups),102.16,
2025-07-01,Chhattisgarh,rural,General Index (All Groups),101.97,
2025-07-01,Chhattisgarh,urban,General Index (All Groups),102.52,
2025-07-01,Goa,combined,General Index (All Groups),102.84,
2025-07-01,Goa,rural,General Index (All Groups),103.3,
2025-07-01,Goa,urban,General Index (All Groups),102.59,
2025-07-01,Gujarat,combined,General Index (All Groups),103.1,
2025-07-01,Gujarat,rural,General Index (All Groups),103.07,
2025-07-01,Gujarat,urban,General Index (All Groups),103.12,
2025-07-01,Haryana,combined,General Index (All Groups),104.04,
2025-07-01,Haryana,rural,General Index (All Groups),104.06,
2025-07-01,Haryana,urban,General Index (All Groups),104.01,
2025-07-01,Himachal Pradesh,combined,General Index (All Groups),104.05,
2025-07-01,Himachal Pradesh,rural,General Index (All Groups),104.08,
2025-07-01,Himachal Pradesh,urban,General Index (All Groups),103.89,
2025-07-01,Jammu And Kashmir,combined,General Index (All Groups),103.72,
2025-07-01,Jammu And Kashmir,rural,General Index (All Groups),104.05,
2025-07-01,Jammu And Kashmir,urban,General Index (All Groups),102.87,
2025-07-01,Jharkhand,combined,General Index (All Groups),103.15,
2025-07-01,Jharkhand,rural,General Index (All Groups),103.37,
2025-07-01,Jharkhand,urban,General Index (All Groups),102.71,
2025-07-01,Karnataka,combined,General Index (All Groups),103.36,
2025-07-01,Karnataka,rural,General Index (All Groups),103.38,
2025-07-01,Karnataka,urban,General Index (All Groups),103.34,
2025-07-01,Kerala,combined,General Index (All Groups),105.24,
2025-07-01,Kerala,rural,General Index (All Groups),105.57,
2025-07-01,Kerala,urban,General Index (All Groups),104.98,
2025-07-01,Ladakh,combined,General Index (All Groups),103.05,
2025-07-01,Ladakh,rural,General Index (All Groups),103.15,
2025-07-01,Ladakh,urban,General Index (All Groups),102.75,
2025-07-01,Lakshadweep,combined,General Index (All Groups),104.56,
2025-07-01,Lakshadweep,rural,General Index (All Groups),103.43,
2025-07-01,Lakshadweep,urban,General Index (All Groups),104.98,
2025-07-01,Madhya Pradesh,combined,General Index (All Groups),103.35,
2025-07-01,Madhya Pradesh,rural,General Index (All Groups),103.47,
2025-07-01,Madhya Pradesh,urban,General Index (All Groups),103.18,
2025-07-01,Maharashtra,combined,General Index (All Groups),103.47,
2025-07-01,Maharashtra,rural,General Index (All Groups),103.76,
2025-07-01,Maharashtra,urban,General Index (All Groups),103.28,
2025-07-01,Manipur,combined,General Index (All Groups),101.26,
2025-07-01,Manipur,rural,General Index (All Groups),100.69,
2025-07-01,Manipur,urban,General Index (All Groups),102.47,
2025-07-01,Meghalaya,combined,General Index (All Groups),103.26,
2025-07-01,Meghalaya,rural,General Index (All Groups),103.51,
2025-07-01,Meghalaya,urban,General Index (All Groups),102.55,
2025-07-01,Mizoram,combined,General Index (All Groups),102.35,
2025-07-01,Mizoram,rural,General Index (All Groups),102.74,
2025-07-01,Mizoram,urban,General Index (All Groups),102.05,
2025-07-01,Nagaland,combined,General Index (All Groups),102.91,
2025-07-01,Nagaland,rural,General Index (All Groups),103.69,
2025-07-01,Nagaland,urban,General Index (All Groups),101.66,
2025-07-01,Nct Of Delhi,combined,General Index (All Groups),102.62,
2025-07-01,Nct Of Delhi,rural,General Index (All Groups),101.69,
2025-07-01,Nct Of Delhi,urban,General Index (All Groups),102.64,
2025-07-01,Odisha,combined,General Index (All Groups),102.13,
2025-07-01,Odisha,rural,General Index (All Groups),102.12,
2025-07-01,Odisha,urban,General Index (All Groups),102.17,
2025-07-01,Puducherry,combined,General Index (All Groups),103.63,
2025-07-01,Puducherry,rural,General Index (All Groups),103.59,
2025-07-01,Puducherry,urban,General Index (All Groups),103.64,
2025-07-01,Punjab,combined,General Index (All Groups),104.48,
2025-07-01,Punjab,rural,General Index (All Groups),104.69,
2025-07-01,Punjab,urban,General Index (All Groups),104.23,
2025-07-01,Rajasthan,combined,General Index (All Groups),103.71,
2025-07-01,Rajasthan,rural,General Index (All Groups),103.6,
2025-07-01,Rajasthan,urban,General Index (All Groups),103.9,
2025-07-01,Sikkim,combined,General Index (All Groups),103.25,
2025-07-01,Sikkim,rural,General Index (All Groups),103.2,
2025-07-01,Sikkim,urban,General Index (All Groups),103.34,
2025-07-01,Tamil Nadu,combined,General Index (All Groups),103.16,
2025-07-01,Tamil Nadu,rural,General Index (All Groups),103.04,
2025-07-01,Tamil Nadu,urban,General Index (All Groups),103.25,
2025-07-01,Telangana,combined,General Index (All Groups),103.52,
2025-07-01,Telangana,rural,General Index (All Groups),103.47,
2025-07-01,Telangana,urban,General Index (All Groups),103.56,
2025-07-01,The Dadra And Nagar Haveli And Daman And Diu,combined,General Index (All Groups),103.85,
2025-07-01,The Dadra And Nagar Haveli And Daman And Diu,rural,General Index (All Groups),104.36,
2025-07-01,The Dadra And Nagar Haveli And Daman And Diu,urban,General Index (All Groups),103.68,
2025-07-01,Tripura,combined,General Index (All Groups),102.22,
2025-07-01,Tripura,rural,General Index (All Groups),102.39,
2025-07-01,Tripura,urban,General Index (All Groups),101.67,
2025-07-01,Uttar Pradesh,combined,General Index (All Groups),103.59,
2025-07-01,Uttar Pradesh,rural,General Index (All Groups),103.48,
2025-07-01,Uttar Pradesh,urban,General Index (All Groups),103.82,
2025-07-01,Uttarakhand,combined,General Index (All Groups),104.05,
2025-07-01,Uttarakhand,rural,General Index (All Groups),104.54,
2025-07-01,Uttarakhand,urban,General Index (All Groups),103.21,
2025-07-01,West Bengal,combined,General Index (All Groups),103.1,
2025-07-01,West Bengal,rural,General Index (All Groups),103.06,
2025-07-01,West Bengal,urban,General Index (All Groups),103.15,
2025-08-01,All India,combined,General Index (All Groups),103.74,
2025-08-01,All India,rural,General Index (All Groups),103.84,
2025-08-01,All India,urban,General Index (All Groups),103.6,
2025-08-01,Andaman And Nicobar Islands,combined,General Index (All Groups),105.13,
2025-08-01,Andaman And Nicobar Islands,rural,General Index (All Groups),106.23,
2025-08-01,Andaman And Nicobar Islands,urban,General Index (All Groups),103.99,
2025-08-01,Andhra Pradesh,combined,General Index (All Groups),102.34,
2025-08-01,Andhra Pradesh,rural,General Index (All Groups),102.1,
2025-08-01,Andhra Pradesh,urban,General Index (All Groups),102.72,
2025-08-01,Arunachal Pradesh,combined,General Index (All Groups),103.09,
2025-08-01,Arunachal Pradesh,rural,General Index (All Groups),103.24,
2025-08-01,Arunachal Pradesh,urban,General Index (All Groups),102.67,
2025-08-01,Assam,combined,General Index (All Groups),102.33,
2025-08-01,Assam,rural,General Index (All Groups),102.37,
2025-08-01,Assam,urban,General Index (All Groups),102.15,
2025-08-01,Bihar,combined,General Index (All Groups),103.63,
2025-08-01,Bihar,rural,General Index (All Groups),103.79,
2025-08-01,Bihar,urban,General Index (All Groups),102.7,
2025-08-01,Chandigarh,combined,General Index (All Groups),103.96,
2025-08-01,Chandigarh,urban,General Index (All Groups),103.96,
2025-08-01,Chhattisgarh,combined,General Index (All Groups),102.76,
2025-08-01,Chhattisgarh,rural,General Index (All Groups),102.84,
2025-08-01,Chhattisgarh,urban,General Index (All Groups),102.59,
2025-08-01,Goa,combined,General Index (All Groups),103.06,
2025-08-01,Goa,rural,General Index (All Groups),103.47,
2025-08-01,Goa,urban,General Index (All Groups),102.83,
2025-08-01,Gujarat,combined,General Index (All Groups),102.89,
2025-08-01,Gujarat,rural,General Index (All Groups),102.75,
2025-08-01,Gujarat,urban,General Index (All Groups),102.99,
2025-08-01,Haryana,combined,General Index (All Groups),104.74,
2025-08-01,Haryana,rural,General Index (All Groups),104.88,
2025-08-01,Haryana,urban,General Index (All Groups),104.6,
2025-08-01,Himachal Pradesh,combined,General Index (All Groups),104.85,
2025-08-01,Himachal Pradesh,rural,General Index (All Groups),104.89,
2025-08-01,Himachal Pradesh,urban,General Index (All Groups),104.6,
2025-08-01,Jammu And Kashmir,combined,General Index (All Groups),104.25,
2025-08-01,Jammu And Kashmir,rural,General Index (All Groups),104.61,
2025-08-01,Jammu And Kashmir,urban,General Index (All Groups),103.35,
2025-08-01,Jharkhand,combined,General Index (All Groups),104.23,
2025-08-01,Jharkhand,rural,General Index (All Groups),104.83,
2025-08-01,Jharkhand,urban,General Index (All Groups),103.06,
2025-08-01,Karnataka,combined,General Index (All Groups),103.62,
2025-08-01,Karnataka,rural,General Index (All Groups),103.68,
2025-08-01,Karnataka,urban,General Index (All Groups),103.56,
2025-08-01,Kerala,combined,General Index (All Groups),104.95,
2025-08-01,Kerala,rural,General Index (All Groups),105.5,
2025-08-01,Kerala,urban,General Index (All Groups),104.5,
2025-08-01,Ladakh,combined,General Index (All Groups),103.5,
2025-08-01,Ladakh,rural,General Index (All Groups),103.62,
2025-08-01,Ladakh,urban,General Index (All Groups),103.14,
2025-08-01,Lakshadweep,combined,General Index (All Groups),105.27,
2025-08-01,Lakshadweep,rural,General Index (All Groups),103.72,
2025-08-01,Lakshadweep,urban,General Index (All Groups),105.86,
2025-08-01,Madhya Pradesh,combined,General Index (All Groups),103.7,
2025-08-01,Madhya Pradesh,rural,General Index (All Groups),103.8,
2025-08-01,Madhya Pradesh,urban,General Index (All Groups),103.53,
2025-08-01,Maharashtra,combined,General Index (All Groups),103.49,
2025-08-01,Maharashtra,rural,General Index (All Groups),103.81,
2025-08-01,Maharashtra,urban,General Index (All Groups),103.28,
2025-08-01,Manipur,combined,General Index (All Groups),101.56,
2025-08-01,Manipur,rural,General Index (All Groups),100.84,
2025-08-01,Manipur,urban,General Index (All Groups),103.08,
2025-08-01,Meghalaya,combined,General Index (All Groups),103.61,
2025-08-01,Meghalaya,rural,General Index (All Groups),103.9,
2025-08-01,Meghalaya,urban,General Index (All Groups),102.8,
2025-08-01,Mizoram,combined,General Index (All Groups),102.31,
2025-08-01,Mizoram,rural,General Index (All Groups),102.71,
2025-08-01,Mizoram,urban,General Index (All Groups),102.01,
2025-08-01,Nagaland,combined,General Index (All Groups),103.37,
2025-08-01,Nagaland,rural,General Index (All Groups),104.18,
2025-08-01,Nagaland,urban,General Index (All Groups),102.08,
2025-08-01,Nct Of Delhi,combined,General Index (All Groups),103.34,
2025-08-01,Nct Of Delhi,rural,General Index (All Groups),101.8,
2025-08-01,Nct Of Delhi,urban,General Index (All Groups),103.37,
2025-08-01,Odisha,combined,General Index (All Groups),102.71,
2025-08-01,Odisha,rural,General Index (All Groups),102.69,
2025-08-01,Odisha,urban,General Index (All Groups),102.75,
2025-08-01,Puducherry,combined,General Index (All Groups),103.71,
2025-08-01,Puducherry,rural,General Index (All Groups),103.96,
2025-08-01,Puducherry,urban,General Index (All Groups),103.6,
2025-08-01,Punjab,combined,General Index (All Groups),105.0,
2025-08-01,Punjab,rural,General Index (All Groups),105.19,
2025-08-01,Punjab,urban,General Index (All Groups),104.78,
2025-08-01,Rajasthan,combined,General Index (All Groups),104.13,
2025-08-01,Rajasthan,rural,General Index (All Groups),104.2,
2025-08-01,Rajasthan,urban,General Index (All Groups),104.01,
2025-08-01,Sikkim,combined,General Index (All Groups),103.81,
2025-08-01,Sikkim,rural,General Index (All Groups),103.71,
2025-08-01,Sikkim,urban,General Index (All Groups),104.02,
2025-08-01,Tamil Nadu,combined,General Index (All Groups),103.36,
2025-08-01,Tamil Nadu,rural,General Index (All Groups),103.21,
2025-08-01,Tamil Nadu,urban,General Index (All Groups),103.47,
2025-08-01,Telangana,combined,General Index (All Groups),103.79,
2025-08-01,Telangana,rural,General Index (All Groups),103.71,
2025-08-01,Telangana,urban,General Index (All Groups),103.85,
2025-08-01,The Dadra And Nagar Haveli And Daman And Diu,combined,General Index (All Groups),102.9,
2025-08-01,The Dadra And Nagar Haveli And Daman And Diu,rural,General Index (All Groups),103.38,
2025-08-01,The Dadra And Nagar Haveli And Daman And Diu,urban,General Index (All Groups),102.74,
2025-08-01,Tripura,combined,General Index (All Groups),101.72,
2025-08-01,Tripura,rural,General Index (All Groups),101.86,
2025-08-01,Tripura,urban,General Index (All Groups),101.27,
2025-08-01,Uttar Pradesh,combined,General Index (All Groups),104.24,
2025-08-01,Uttar Pradesh,rural,General Index (All Groups),104.25,
2025-08-01,Uttar Pradesh,urban,General Index (All Groups),104.22,
2025-08-01,Uttarakhand,combined,General Index (All Groups),104.52,
2025-08-01,Uttarakhand,rural,General Index (All Groups),105.15,
2025-08-01,Uttarakhand,urban,General Index (All Groups),103.45,
2025-08-01,West Bengal,combined,General Index (All Groups),104.27,
2025-08-01,West Bengal,rural,General Index (All Groups),104.47,
2025-08-01,West Bengal,urban,General Index (All Groups),104.03,
2025-09-01,All India,combined,General Index (All Groups),103.74,
2025-09-01,All India,rural,General Index (All Groups),103.8,
2025-09-01,All India,urban,General Index (All Groups),103.66,
2025-09-01,Andaman And Nicobar Islands,combined,General Index (All Groups),105.27,
2025-09-01,Andaman And Nicobar Islands,rural,General Index (All Groups),105.99,
2025-09-01,Andaman And Nicobar Islands,urban,General Index (All Groups),104.51,
2025-09-01,Andhra Pradesh,combined,General Index (All Groups),102.32,
2025-09-01,Andhra Pradesh,rural,General Index (All Groups),102.05,
2025-09-01,Andhra Pradesh,urban,General Index (All Groups),102.75,
2025-09-01,Arunachal Pradesh,combined,General Index (All Groups),103.28,
2025-09-01,Arunachal Pradesh,rural,General Index (All Groups),103.32,
2025-09-01,Arunachal Pradesh,urban,General Index (All Groups),103.15,
2025-09-01,Assam,combined,General Index (All Groups),103.26,
2025-09-01,Assam,rural,General Index (All Groups),103.36,
2025-09-01,Assam,urban,General Index (All Groups),102.87,
2025-09-01,Bihar,combined,General Index (All Groups),103.26,
2025-09-01,Bihar,rural,General Index (All Groups),103.4,
2025-09-01,Bihar,urban,General Index (All Groups),102.37,
2025-09-01,Chandigarh,combined,General Index (All Groups),104.4,
2025-09-01,Chandigarh,urban,General Index (All Groups),104.4,
2025-09-01,Chhattisgarh,combined,General Index (All Groups),102.52,
2025-09-01,Chhattisgarh,rural,General Index (All Groups),102.53,
2025-09-01,Chhattisgarh,urban,General Index (All Groups),102.51,
2025-09-01,Goa,combined,General Index (All Groups),103.06,
2025-09-01,Goa,rural,General Index (All Groups),103.47,
2025-09-01,Goa,urban,General Index (All Groups),102.83,
2025-09-01,Gujarat,combined,General Index (All Groups),103.12,
2025-09-01,Gujarat,rural,General Index (All Groups),102.84,
2025-09-01,Gujarat,urban,General Index (All Groups),103.32,
2025-09-01,Haryana,combined,General Index (All Groups),104.95,
2025-09-01,Haryana,rural,General Index (All Groups),105.09,
2025-09-01,Haryana,urban,General Index (All Groups),104.8,
2025-09-01,Himachal Pradesh,combined,General Index (All Groups),105.32,
2025-09-01,Himachal Pradesh,rural,General Index (All Groups),105.33,
2025-09-01,Himachal Pradesh,urban,General Index (All Groups),105.27,
2025-09-01,Jammu And Kashmir,combined,General Index (All Groups),104.97,
2025-09-01,Jammu And Kashmir,rural,General Index (All Groups),105.36,
2025-09-01,Jammu And Kashmir,urban,General Index (All Groups),103.98,
2025-09-01,Jharkhand,combined,General Index (All Groups),103.78,
2025-09-01,Jharkhand,rural,General Index (All Groups),104.3,
2025-09-01,Jharkhand,urban,General Index (All Groups),102.79,
2025-09-01,Karnataka,combined,General Index (All Groups),103.66,
2025-09-01,Karnataka,rural,General Index (All Groups),103.7,
2025-09-01,Karnataka,urban,General Index (All Groups),103.63,
2025-09-01,Kerala,combined,General Index (All Groups),104.75,
2025-09-01,Kerala,rural,General Index (All Groups),105.3,
2025-09-01,Kerala,urban,General Index (All Groups),104.3,
2025-09-01,Ladakh,combined,General Index (All Groups),103.85,
2025-09-01,Ladakh,rural,General Index (All Groups),104.0,
2025-09-01,Ladakh,urban,General Index (All Groups),103.4,
2025-09-01,Lakshadweep,combined,General Index (All Groups),105.14,
2025-09-01,Lakshadweep,rural,General Index (All Groups),103.88,
2025-09-01,Lakshadweep,urban,General Index (All Groups),105.61,
2025-09-01,Madhya Pradesh,combined,General Index (All Groups),103.45,
2025-09-01,Madhya Pradesh,rural,General Index (All Groups),103.42,
2025-09-01,Madhya Pradesh,urban,General Index (All Groups),103.5,
2025-09-01,Maharashtra,combined,General Index (All Groups),103.61,
2025-09-01,Maharashtra,rural,General Index (All Groups),103.86,
2025-09-01,Maharashtra,urban,General Index (All Groups),103.46,
2025-09-01,Manipur,combined,General Index (All Groups),102.14,
2025-09-01,Manipur,rural,General Index (All Groups),101.4,
2025-09-01,Manipur,urban,General Index (All Groups),103.7,
2025-09-01,Meghalaya,combined,General Index (All Groups),103.95,
2025-09-01,Meghalaya,rural,General Index (All Groups),104.29,
2025-09-01,Meghalaya,urban,General Index (All Groups),103.0,
2025-09-01,Mizoram,combined,General Index (All Groups),102.3,
2025-09-01,Mizoram,rural,General Index (All Groups),102.89,
2025-09-01,Mizoram,urban,General Index (All Groups),101.87,
2025-09-01,Nagaland,combined,General Index (All Groups),103.68,
2025-09-01,Nagaland,rural,General Index (All Groups),104.45,
2025-09-01,Nagaland,urban,General Index (All Groups),102.45,
2025-09-01,Nct Of Delhi,combined,General Index (All Groups),103.16,
2025-09-01,Nct Of Delhi,rural,General Index (All Groups),101.02,
2025-09-01,Nct Of Delhi,urban,General Index (All Groups),103.21,
2025-09-01,Odisha,combined,General Index (All Groups),102.81,
2025-09-01,Odisha,rural,General Index (All Groups),102.82,
2025-09-01,Odisha,urban,General Index (All Groups),102.78,
2025-09-01,Puducherry,combined,General Index (All Groups),103.59,
2025-09-01,Puducherry,rural,General Index (All Groups),103.92,
2025-09-01,Puducherry,urban,General Index (All Groups),103.44,
2025-09-01,Punjab,combined,General Index (All Groups),105.22,
2025-09-01,Punjab,rural,General Index (All Groups),105.49,
2025-09-01,Punjab,urban,General Index (All Groups),104.9,
2025-09-01,Rajasthan,combined,General Index (All Groups),104.17,
2025-09-01,Rajasthan,rural,General Index (All Groups),104.21,
2025-09-01,Rajasthan,urban,General Index (All Groups),104.1,
2025-09-01,Sikkim,combined,General Index (All Groups),104.26,
2025-09-01,Sikkim,rural,General Index (All Groups),104.24,
2025-09-01,Sikkim,urban,General Index (All Groups),104.31,
2025-09-01,Tamil Nadu,combined,General Index (All Groups),103.23,
2025-09-01,Tamil Nadu,rural,General Index (All Groups),103.12,
2025-09-01,Tamil Nadu,urban,General Index (All Groups),103.31,
2025-09-01,Telangana,combined,General Index (All Groups),103.92,
2025-09-01,Telangana,rural,General Index (All Groups),103.81,
2025-09-01,Telangana,urban,General Index (All Groups),104.0,
2025-09-01,The Dadra And Nagar Haveli And Daman And Diu,combined,General Index (All Groups),102.98,
2025-09-01,The Dadra And Nagar Haveli And Daman And Diu,rural,General Index (All Groups),103.09,
2025-09-01,The Dadra And Nagar Haveli And Daman And Diu,urban,General Index (All Groups),102.94,
2025-09-01,Tripura,combined,General Index (All Groups),101.97,
2025-09-01,Tripura,rural,General Index (All Groups),101.98,
2025-09-01,Tripura,urban,General Index (All Groups),101.93,
2025-09-01,Uttar Pradesh,combined,General Index (All Groups),104.01,
2025-09-01,Uttar Pradesh,rural,General Index (All Groups),103.98,
2025-09-01,Uttar Pradesh,urban,General Index (All Groups),104.09,
2025-09-01,Uttarakhand,combined,General Index (All Groups),104.34,
2025-09-01,Uttarakhand,rural,General Index (All Groups),104.96,
2025-09-01,Uttarakhand,urban,General Index (All Groups),103.26,
2025-09-01,West Bengal,combined,General Index (All Groups),104.51,
2025-09-01,West Bengal,rural,General Index (All Groups),104.67,
2025-09-01,West Bengal,urban,General Index (All Groups),104.31,
2025-10-01,All India,combined,General Index (All Groups),103.74,
2025-10-01,All India,rural,General Index (All Groups),103.85,
2025-10-01,All India,urban,General Index (All Groups),103.61,
2025-10-01,Andaman And Nicobar Islands,combined,General Index (All Groups),106.34,
2025-10-01,Andaman And Nicobar Islands,rural,General Index (All Groups),107.29,
2025-10-01,Andaman And Nicobar Islands,urban,General Index (All Groups),105.35,
2025-10-01,Andhra Pradesh,combined,General Index (All Groups),102.43,
2025-10-01,Andhra Pradesh,rural,General Index (All Groups),102.1,
2025-10-01,Andhra Pradesh,urban,General Index (All Groups),102.96,
2025-10-01,Arunachal Pradesh,combined,General Index (All Groups),103.17,
2025-10-01,Arunachal Pradesh,rural,General Index (All Groups),103.16,
2025-10-01,Arunachal Pradesh,urban,General Index (All Groups),103.19,
2025-10-01,Assam,combined,General Index (All Groups),103.64,
2025-10-01,Assam,rural,General Index (All Groups),103.78,
2025-10-01,Assam,urban,General Index (All Groups),103.09,
2025-10-01,Bihar,combined,General Index (All Groups),103.49,
2025-10-01,Bihar,rural,General Index (All Groups),103.68,
2025-10-01,Bihar,urban,General Index (All Groups),102.37,
2025-10-01,Chandigarh,combined,General Index (All Groups),103.94,
2025-10-01,Chandigarh,urban,General Index (All Groups),103.94,
2025-10-01,Chhattisgarh,combined,General Index (All Groups),102.42,
2025-10-01,Chhattisgarh,rural,General Index (All Groups),102.42,
2025-10-01,Chhattisgarh,urban,General Index (All Groups),102.43,
2025-10-01,Goa,combined,General Index (All Groups),102.91,
2025-10-01,Goa,rural,General Index (All Groups),103.24,
2025-10-01,Goa,urban,General Index (All Groups),102.73,
2025-10-01,Gujarat,combined,General Index (All Groups),102.84,
2025-10-01,Gujarat,rural,General Index (All Groups),102.71,
2025-10-01,Gujarat,urban,General Index (All Groups),102.92,
2025-10-01,Haryana,combined,General Index (All Groups),104.99,
2025-10-01,Haryana,rural,General Index (All Groups),104.96,
2025-10-01,Haryana,urban,General Index (All Groups),105.02,
2025-10-01,Himachal Pradesh,combined,General Index (All Groups),105.19,
2025-10-01,Himachal Pradesh,rural,General Index (All Groups),105.2,
2025-10-01,Himachal Pradesh,urban,General Index (All Groups),105.17,
2025-10-01,Jammu And Kashmir,combined,General Index (All Groups),104.55,
2025-10-01,Jammu And Kashmir,rural,General Index (All Groups),104.87,
2025-10-01,Jammu And Kashmir,urban,General Index (All Groups),103.73,
2025-10-01,Jharkhand,combined,General Index (All Groups),103.88,
2025-10-01,Jharkhand,rural,General Index (All Groups),104.38,
2025-10-01,Jharkhand,urban,General Index (All Groups),102.91,
2025-10-01,Karnataka,combined,General Index (All Groups),103.61,
2025-10-01,Karnataka,rural,General Index (All Groups),103.62,
2025-10-01,Karnataka,urban,General Index (All Groups),103.6,
2025-10-01,Kerala,combined,General Index (All Groups),104.23,
2025-10-01,Kerala,rural,General Index (All Groups),104.55,
2025-10-01,Kerala,urban,General Index (All Groups),103.98,
2025-10-01,Ladakh,combined,General Index (All Groups),104.02,
2025-10-01,Ladakh,rural,General Index (All Groups),104.19,
2025-10-01,Ladakh,urban,General Index (All Groups),103.53,
2025-10-01,Lakshadweep,combined,General Index (All Groups),104.44,
2025-10-01,Lakshadweep,rural,General Index (All Groups),103.19,
2025-10-01,Lakshadweep,urban,General Index (All Groups),104.91,
2025-10-01,Madhya Pradesh,combined,General Index (All Groups),103.39,
2025-10-01,Madhya Pradesh,rural,General Index (All Groups),103.52,
2025-10-01,Madhya Pradesh,urban,General Index (All Groups),103.19,
2025-10-01,Maharashtra,combined,General Index (All Groups),103.73,
2025-10-01,Maharashtra,rural,General Index (All Groups),104.18,
2025-10-01,Maharashtra,urban,General Index (All Groups),103.44,
2025-10-01,Manipur,combined,General Index (All Groups),102.52,
2025-10-01,Manipur,rural,General Index (All Groups),101.88,
2025-10-01,Manipur,urban,General Index (All Groups),103.88,
2025-10-01,Meghalaya,combined,General Index (All Groups),104.21,
2025-10-01,Meghalaya,rural,General Index (All Groups),104.62,
2025-10-01,Meghalaya,urban,General Index (All Groups),103.04,
2025-10-01,Mizoram,combined,General Index (All Groups),102.48,
2025-10-01,Mizoram,rural,General Index (All Groups),103.17,
2025-10-01,Mizoram,urban,General Index (All Groups),101.97,
2025-10-01,Nagaland,combined,General Index (All Groups),103.96,
2025-10-01,Nagaland,rural,General Index (All Groups),104.66,
2025-10-01,Nagaland,urban,General Index (All Groups),102.84,
2025-10-01,Nct Of Delhi,combined,General Index (All Groups),102.79,
2025-10-01,Nct Of Delhi,rural,General Index (All Groups),101.24,
2025-10-01,Nct Of Delhi,urban,General Index (All Groups),102.83,
2025-10-01,Odisha,combined,General Index (All Groups),102.9,
2025-10-01,Odisha,rural,General Index (All Groups),102.96,
2025-10-01,Odisha,urban,General Index (All Groups),102.73,
2025-10-01,Puducherry,combined,General Index (All Groups),103.45,
2025-10-01,Puducherry,rural,General Index (All Groups),103.64,
2025-10-01,Puducherry,urban,General Index (All Groups),103.36,
2025-10-01,Punjab,combined,General Index (All Groups),104.97,
2025-10-01,Punjab,rural,General Index (All Groups),105.38,
2025-10-01,Punjab,urban,General Index (All Groups),104.48,
2025-10-01,Rajasthan,combined,General Index (All Groups),104.33,
2025-10-01,Rajasthan,rural,General Index (All Groups),104.5,
2025-10-01,Rajasthan,urban,General Index (All Groups),104.01,
2025-10-01,Sikkim,combined,General Index (All Groups),104.33,
2025-10-01,Sikkim,rural,General Index (All Groups),104.19,
2025-10-01,Sikkim,urban,General Index (All Groups),104.58,
2025-10-01,Tamil Nadu,combined,General Index (All Groups),103.47,
2025-10-01,Tamil Nadu,rural,General Index (All Groups),103.25,
2025-10-01,Tamil Nadu,urban,General Index (All Groups),103.64,
2025-10-01,Telangana,combined,General Index (All Groups),104.3,
2025-10-01,Telangana,rural,General Index (All Groups),104.26,
2025-10-01,Telangana,urban,General Index (All Groups),104.34,
2025-10-01,The Dadra And Nagar Haveli And Daman And Diu,combined,General Index (All Groups),102.84,
2025-10-01,The Dadra And Nagar Haveli And Daman And Diu,rural,General Index (All Groups),102.6,
2025-10-01,The Dadra And Nagar Haveli And Daman And Diu,urban,General Index (All Groups),102.92,
2025-10-01,Tripura,combined,General Index (All Groups),102.39,
2025-10-01,Tripura,rural,General Index (All Groups),102.35,
2025-10-01,Tripura,urban,General Index (All Groups),102.53,
2025-10-01,Uttar Pradesh,combined,General Index (All Groups),103.88,
2025-10-01,Uttar Pradesh,rural,General Index (All Groups),103.79,
2025-10-01,Uttar Pradesh,urban,General Index (All Groups),104.1,
2025-10-01,Uttarakhand,combined,General Index (All Groups),104.41,
2025-10-01,Uttarakhand,rural,General Index (All Groups),105.14,
2025-10-01,Uttarakhand,urban,General Index (All Groups),103.16,
2025-10-01,West Bengal,combined,General Index (All Groups),104.36,
2025-10-01,West Bengal,rural,General Index (All Groups),104.62,
2025-10-01,West Bengal,urban,General Index (All Groups),104.03,
2025-11-01,All India,combined,General Index (All Groups),104.01,
2025-11-01,All India,rural,General Index (All Groups),104.16,
2025-11-01,All India,urban,General Index (All Groups),103.83,
2025-11-01,Andaman And Nicobar Islands,combined,General Index (All Groups),106.73,
2025-11-01,Andaman And Nicobar Islands,rural,General Index (All Groups),107.67,
2025-11-01,Andaman And Nicobar Islands,urban,General Index (All Groups),105.76,
2025-11-01,Andhra Pradesh,combined,General Index (All Groups),103.07,
2025-11-01,Andhra Pradesh,rural,General Index (All Groups),102.81,
2025-11-01,Andhra Pradesh,urban,General Index (All Groups),103.48,
2025-11-01,Arunachal Pradesh,combined,General Index (All Groups),103.0,
2025-11-01,Arunachal Pradesh,rural,General Index (All Groups),102.94,
2025-11-01,Arunachal Pradesh,urban,General Index (All Groups),103.17,
2025-11-01,Assam,combined,General Index (All Groups),103.54,
2025-11-01,Assam,rural,General Index (All Groups),103.74,
2025-11-01,Assam,urban,General Index (All Groups),102.78,
2025-11-01,Bihar,combined,General Index (All Groups),103.72,
2025-11-01,Bihar,rural,General Index (All Groups),103.94,
2025-11-01,Bihar,urban,General Index (All Groups),102.42,
2025-11-01,Chandigarh,combined,General Index (All Groups),103.54,
2025-11-01,Chandigarh,urban,General Index (All Groups),103.54,
2025-11-01,Chhattisgarh,combined,General Index (All Groups),103.42,
2025-11-01,Chhattisgarh,rural,General Index (All Groups),103.67,
2025-11-01,Chhattisgarh,urban,General Index (All Groups),102.94,
2025-11-01,Goa,combined,General Index (All Groups),102.79,
2025-11-01,Goa,rural,General Index (All Groups),103.02,
2025-11-01,Goa,urban,General Index (All Groups),102.66,
2025-11-01,Gujarat,combined,General Index (All Groups),103.42,
2025-11-01,Gujarat,rural,General Index (All Groups),103.51,
2025-11-01,Gujarat,urban,General Index (All Groups),103.37,
2025-11-01,Haryana,combined,General Index (All Groups),104.43,
2025-11-01,Haryana,rural,General Index (All Groups),104.45,
2025-11-01,Haryana,urban,General Index (All Groups),104.41,
2025-11-01,Himachal Pradesh,combined,General Index (All Groups),104.84,
2025-11-01,Himachal Pradesh,rural,General Index (All Groups),104.8,
2025-11-01,Himachal Pradesh,urban,General Index (All Groups),105.09,
2025-11-01,Jammu And Kashmir,combined,General Index (All Groups),104.41,
2025-11-01,Jammu And Kashmir,rural,General Index (All Groups),104.71,
2025-11-01,Jammu And Kashmir,urban,General Index (All Groups),103.67,
2025-11-01,Jharkhand,combined,General Index (All Groups),103.76,
2025-11-01,Jharkhand,rural,General Index (All Groups),104.44,
2025-11-01,Jharkhand,urban,General Index (All Groups),102.45,
2025-11-01,Karnataka,combined,General Index (All Groups),104.05,
2025-11-01,Karnataka,rural,General Index (All Groups),104.22,
2025-11-01,Karnataka,urban,General Index (All Groups),103.89,
2025-11-01,Kerala,combined,General Index (All Groups),104.71,
2025-11-01,Kerala,rural,General Index (All Groups),105.11,
2025-11-01,Kerala,urban,General Index (All Groups),104.38,
2025-11-01,Ladakh,combined,General Index (All Groups),104.49,
2025-11-01,Ladakh,rural,General Index (All Groups),104.71,
2025-11-01,Ladakh,urban,General Index (All Groups),103.81,
2025-11-01,Lakshadweep,combined,General Index (All Groups),104.39,
2025-11-01,Lakshadweep,rural,General Index (All Groups),103.63,
2025-11-01,Lakshadweep,urban,General Index (All Groups),104.68,
2025-11-01,Madhya Pradesh,combined,General Index (All Groups),103.89,
2025-11-01,Madhya Pradesh,rural,General Index (All Groups),104.02,
2025-11-01,Madhya Pradesh,urban,General Index (All Groups),103.69,
2025-11-01,Maharashtra,combined,General Index (All Groups),104.06,
2025-11-01,Maharashtra,rural,General Index (All Groups),104.57,
2025-11-01,Maharashtra,urban,General Index (All Groups),103.72,
2025-11-01,Manipur,combined,General Index (All Groups),102.35,
2025-11-01,Manipur,rural,General Index (All Groups),101.73,
2025-11-01,Manipur,urban,General Index (All Groups),103.66,
2025-11-01,Meghalaya,combined,General Index (All Groups),103.83,
2025-11-01,Meghalaya,rural,General Index (All Groups),104.13,
2025-11-01,Meghalaya,urban,General Index (All Groups),102.98,
2025-11-01,Mizoram,combined,General Index (All Groups),102.56,
2025-11-01,Mizoram,rural,General Index (All Groups),103.22,
2025-11-01,Mizoram,urban,General Index (All Groups),102.07,
2025-11-01,Nagaland,combined,General Index (All Groups),104.37,
2025-11-01,Nagaland,rural,General Index (All Groups),105.31,
2025-11-01,Nagaland,urban,General Index (All Groups),102.85,
2025-11-01,Nct Of Delhi,combined,General Index (All Groups),103.11,
2025-11-01,Nct Of Delhi,rural,General Index (All Groups),102.25,
2025-11-01,Nct Of Delhi,urban,General Index (All Groups),103.13,
2025-11-01,Odisha,combined,General Index (All Groups),103.24,
2025-11-01,Odisha,rural,General Index (All Groups),103.37,
2025-11-01,Odisha,urban,General Index (All Groups),102.9,
2025-11-01,Puducherry,combined,General Index (All Groups),103.99,
2025-11-01,Puducherry,rural,General Index (All Groups),104.04,
2025-11-01,Puducherry,urban,General Index (All Groups),103.97,
2025-11-01,Punjab,combined,General Index (All Groups),104.72,
2025-11-01,Punjab,rural,General Index (All Groups),105.3,
2025-11-01,Punjab,urban,General Index (All Groups),104.03,
2025-11-01,Rajasthan,combined,General Index (All Groups),104.29,
2025-11-01,Rajasthan,rural,General Index (All Groups),104.29,
2025-11-01,Rajasthan,urban,General Index (All Groups),104.29,
2025-11-01,Sikkim,combined,General Index (All Groups),104.55,
2025-11-01,Sikkim,rural,General Index (All Groups),104.41,
2025-11-01,Sikkim,urban,General Index (All Groups),104.81,
2025-11-01,Tamil Nadu,combined,General Index (All Groups),104.1,
2025-11-01,Tamil Nadu,rural,General Index (All Groups),104.0,
2025-11-01,Tamil Nadu,urban,General Index (All Groups),104.17,
2025-11-01,Telangana,combined,General Index (All Groups),105.21,
2025-11-01,Telangana,rural,General Index (All Groups),105.34,
2025-11-01,Telangana,urban,General Index (All Groups),105.12,
2025-11-01,The Dadra And Nagar Haveli And Daman And Diu,combined,General Index (All Groups),104.05,
2025-11-01,The Dadra And Nagar Haveli And Daman And Diu,rural,General Index (All Groups),104.05,
2025-11-01,The Dadra And Nagar Haveli And Daman And Diu,urban,General Index (All Groups),104.05,
2025-11-01,Tripura,combined,General Index (All Groups),102.48,
2025-11-01,Tripura,rural,General Index (All Groups),102.47,
2025-11-01,Tripura,urban,General Index (All Groups),102.49,
2025-11-01,Uttar Pradesh,combined,General Index (All Groups),104.17,
2025-11-01,Uttar Pradesh,rural,General Index (All Groups),104.25,
2025-11-01,Uttar Pradesh,urban,General Index (All Groups),104.0,
2025-11-01,Uttarakhand,combined,General Index (All Groups),104.14,
2025-11-01,Uttarakhand,rural,General Index (All Groups),104.76,
2025-11-01,Uttarakhand,urban,General Index (All Groups),103.08,
2025-11-01,West Bengal,combined,General Index (All Groups),104.0,
2025-11-01,West Bengal,rural,General Index (All Groups),104.2,
2025-11-01,West Bengal,urban,General Index (All Groups),103.76,
2025-12-01,All India,combined,General Index (All Groups),104.1,
2025-12-01,All India,rural,General Index (All Groups),104.19,
2025-12-01,All India,urban,General Index (All Groups),103.98,
2025-12-01,Andaman And Nicobar Islands,combined,General Index (All Groups),106.86,
2025-12-01,Andaman And Nicobar Islands,rural,General Index (All Groups),108.05,
2025-12-01,Andaman And Nicobar Islands,urban,General Index (All Groups),105.63,
2025-12-01,Andhra Pradesh,combined,General Index (All Groups),103.41,
2025-12-01,Andhra Pradesh,rural,General Index (All Groups),103.24,
2025-12-01,Andhra Pradesh,urban,General Index (All Groups),103.67,
2025-12-01,Arunachal Pradesh,combined,General Index (All Groups),102.92,
2025-12-01,Arunachal Pradesh,rural,General Index (All Groups),102.89,
2025-12-01,Arunachal Pradesh,urban,General Index (All Groups),103.02,
2025-12-01,Assam,combined,General Index (All Groups),103.41,
2025-12-01,Assam,rural,General Index (All Groups),103.61,
2025-12-01,Assam,urban,General Index (All Groups),102.63,
2025-12-01,Bihar,combined,General Index (All Groups),103.48,
2025-12-01,Bihar,rural,General Index (All Groups),103.71,
2025-12-01,Bihar,urban,General Index (All Groups),102.1,
2025-12-01,Chandigarh,combined,General Index (All Groups),103.74,
2025-12-01,Chandigarh,urban,General Index (All Groups),103.74,
2025-12-01,Chhattisgarh,combined,General Index (All Groups),103.51,
2025-12-01,Chhattisgarh,rural,General Index (All Groups),103.88,
2025-12-01,Chhattisgarh,urban,General Index (All Groups),102.79,
2025-12-01,Goa,combined,General Index (All Groups),103.08,
2025-12-01,Goa,rural,General Index (All Groups),103.27,
2025-12-01,Goa,urban,General Index (All Groups),102.97,
2025-12-01,Gujarat,combined,General Index (All Groups),103.32,
2025-12-01,Gujarat,rural,General Index (All Groups),103.38,
2025-12-01,Gujarat,urban,General Index (All Groups),103.28,
2025-12-01,Haryana,combined,General Index (All Groups),104.26,
2025-12-01,Haryana,rural,General Index (All Groups),104.23,
2025-12-01,Haryana,urban,General Index (All Groups),104.3,
2025-12-01,Himachal Pradesh,combined,General Index (All Groups),104.69,
2025-12-01,Himachal Pradesh,rural,General Index (All Groups),104.58,
2025-12-01,Himachal Pradesh,urban,General Index (All Groups),105.25,
2025-12-01,Jammu And Kashmir,combined,General Index (All Groups),104.26,
2025-12-01,Jammu And Kashmir,rural,General Index (All Groups),104.53,
2025-12-01,Jammu And Kashmir,urban,General Index (All Groups),103.55,
2025-12-01,Jharkhand,combined,General Index (All Groups),103.57,
2025-12-01,Jharkhand,rural,General Index (All Groups),104.19,
2025-12-01,Jharkhand,urban,General Index (All Groups),102.37,
2025-12-01,Karnataka,combined,General Index (All Groups),104.52,
2025-12-01,Karnataka,rural,General Index (All Groups),104.74,
2025-12-01,Karnataka,urban,General Index (All Groups),104.31,
2025-12-01,Kerala,combined,General Index (All Groups),105.21,
2025-12-01,Kerala,rural,General Index (All Groups),105.84,
2025-12-01,Kerala,urban,General Index (All Groups),104.71,
2025-12-01,Ladakh,combined,General Index (All Groups),104.46,
2025-12-01,Ladakh,rural,General Index (All Groups),104.63,
2025-12-01,Ladakh,urban,General Index (All Groups),103.94,
2025-12-01,Lakshadweep,combined,General Index (All Groups),104.74,
2025-12-01,Lakshadweep,rural,General Index (All Groups),103.76,
2025-12-01,Lakshadweep,urban,General Index (All Groups),105.11,
2025-12-01,Madhya Pradesh,combined,General Index (All Groups),103.91,
2025-12-01,Madhya Pradesh,rural,General Index (All Groups),103.95,
2025-12-01,Madhya Pradesh,urban,General Index (All Groups),103.84,
2025-12-01,Maharashtra,combined,General Index (All Groups),104.2,
2025-12-01,Maharashtra,rural,General Index (All Groups),104.65,
2025-12-01,Maharashtra,urban,General Index (All Groups),103.91,
2025-12-01,Manipur,combined,General Index (All Groups),102.16,
2025-12-01,Manipur,rural,General Index (All Groups),101.63,
2025-12-01,Manipur,urban,General Index (All Groups),103.27,
2025-12-01,Meghalaya,combined,General Index (All Groups),103.65,
2025-12-01,Meghalaya,rural,General Index (All Groups),103.87,
2025-12-01,Meghalaya,urban,General Index (All Groups),103.02,
2025-12-01,Mizoram,combined,General Index (All Groups),102.53,
2025-12-01,Mizoram,rural,General Index (All Groups),103.13,
2025-12-01,Mizoram,urban,General Index (All Groups),102.08,
2025-12-01,Nagaland,combined,General Index (All Groups),104.51,
2025-12-01,Nagaland,rural,General Index (All Groups),105.29,
2025-12-01,Nagaland,urban,General Index (All Groups),103.25,
2025-12-01,Nct Of Delhi,combined,General Index (All Groups),102.91,
2025-12-01,Nct Of Delhi,rural,General Index (All Groups),101.42,
2025-12-01,Nct Of Delhi,urban,General Index (All Groups),102.94,
2025-12-01,Odisha,combined,General Index (All Groups),103.55,
2025-12-01,Odisha,rural,General Index (All Groups),103.75,
2025-12-01,Odisha,urban,General Index (All Groups),103.02,
2025-12-01,Puducherry,combined,General Index (All Groups),104.37,
2025-12-01,Puducherry,rural,General Index (All Groups),104.38,
2025-12-01,Puducherry,urban,General Index (All Groups),104.37,
2025-12-01,Punjab,combined,General Index (All Groups),104.39,
2025-12-01,Punjab,rural,General Index (All Groups),104.81,
2025-12-01,Punjab,urban,General Index (All Groups),103.9,
2025-12-01,Rajasthan,combined,General Index (All Groups),104.25,
2025-12-01,Rajasthan,rural,General Index (All Groups),104.22,
2025-12-01,Rajasthan,urban,General Index (All Groups),104.29,
2025-12-01,Sikkim,combined,General Index (All Groups),105.01,
2025-12-01,Sikkim,rural,General Index (All Groups),105.0,
2025-12-01,Sikkim,urban,General Index (All Groups),105.02,
2025-12-01,Tamil Nadu,combined,General Index (All Groups),104.83,
2025-12-01,Tamil Nadu,rural,General Index (All Groups),104.77,
2025-12-01,Tamil Nadu,urban,General Index (All Groups),104.88,
2025-12-01,Telangana,combined,General Index (All Groups),105.79,
2025-12-01,Telangana,rural,General Index (All Groups),105.88,
2025-12-01,Telangana,urban,General Index (All Groups),105.71,
2025-12-01,The Dadra And Nagar Haveli And Daman And Diu,combined,General Index (All Groups),104.08,
2025-12-01,The Dadra And Nagar Haveli And Daman And Diu,rural,General Index (All Groups),104.04,
2025-12-01,The Dadra And Nagar Haveli And Daman And Diu,urban,General Index (All Groups),104.09,
2025-12-01,Tripura,combined,General Index (All Groups),101.6,
2025-12-01,Tripura,rural,General Index (All Groups),101.43,
2025-12-01,Tripura,urban,General Index (All Groups),102.19,
2025-12-01,Uttar Pradesh,combined,General Index (All Groups),104.1,
2025-12-01,Uttar Pradesh,rural,General Index (All Groups),104.15,
2025-12-01,Uttar Pradesh,urban,General Index (All Groups),104.0,
2025-12-01,Uttarakhand,combined,General Index (All Groups),104.47,
2025-12-01,Uttarakhand,rural,General Index (All Groups),104.98,
2025-12-01,Uttarakhand,urban,General Index (All Groups),103.58,
2025-12-01,West Bengal,combined,General Index (All Groups),103.51,
2025-12-01,West Bengal,rural,General Index (All Groups),103.48,
2025-12-01,West Bengal,urban,General Index (All Groups),103.55,
2026-01-01,All India,combined,General Index (All Groups),104.45,2.734
2026-01-01,All India,rural,General Index (All Groups),104.59,2.731
2026-01-01,All India,urban,General Index (All Groups),104.28,2.749
2026-01-01,Andaman And Nicobar Islands,combined,General Index (All Groups),106.88,4.263
2026-01-01,Andaman And Nicobar Islands,rural,General Index (All Groups),108.02,5.55
2026-01-01,Andaman And Nicobar Islands,urban,General Index (All Groups),105.7,2.941
2026-01-01,Andhra Pradesh,combined,General Index (All Groups),104.22,2.822
2026-01-01,Andhra Pradesh,rural,General Index (All Groups),104.09,2.572
2026-01-01,Andhra Pradesh,urban,General Index (All Groups),104.41,3.213
2026-01-01,Arunachal Pradesh,combined,General Index (All Groups),102.79,1.351
2026-01-01,Arunachal Pradesh,rural,General Index (All Groups),102.66,1.313
2026-01-01,Arunachal Pradesh,urban,General Index (All Groups),103.16,1.446
2026-01-01,Assam,combined,General Index (All Groups),102.96,0.793
2026-01-01,Assam,rural,General Index (All Groups),103.09,0.684
2026-01-01,Assam,urban,General Index (All Groups),102.47,1.225
2026-01-01,Bihar,combined,General Index (All Groups),104.09,2.491
2026-01-01,Bihar,rural,General Index (All Groups),104.38,2.706
2026-01-01,Bihar,urban,General Index (All Groups),102.39,1.236
2026-01-01,Chandigarh,combined,General Index (All Groups),103.72,2.359
2026-01-01,Chandigarh,urban,General Index (All Groups),103.72,2.359
2026-01-01,Chhattisgarh,combined,General Index (All Groups),102.89,1.66
2026-01-01,Chhattisgarh,rural,General Index (All Groups),103.13,2.018
2026-01-01,Chhattisgarh,urban,General Index (All Groups),102.42,0.976
2026-01-01,Goa,combined,General Index (All Groups),103.53,1.92
2026-01-01,Goa,rural,General Index (All Groups),103.44,1.561
2026-01-01,Goa,urban,General Index (All Groups),103.58,2.12
2026-01-01,Gujarat,combined,General Index (All Groups),103.16,2.098
2026-01-01,Gujarat,rural,General Index (All Groups),103.01,2.0
2026-01-01,Gujarat,urban,General Index (All Groups),103.26,2.157
2026-01-01,Haryana,combined,General Index (All Groups),104.39,2.544
2026-01-01,Haryana,rural,General Index (All Groups),104.42,2.383
2026-01-01,Haryana,urban,General Index (All Groups),104.37,2.716
2026-01-01,Himachal Pradesh,combined,General Index (All Groups),104.78,2.927
2026-01-01,Himachal Pradesh,rural,General Index (All Groups),104.73,2.858
2026-01-01,Himachal Pradesh,urban,General Index (All Groups),105.04,3.274
2026-01-01,Jammu And Kashmir,combined,General Index (All Groups),104.21,1.342
2026-01-01,Jammu And Kashmir,rural,General Index (All Groups),104.38,1.143
2026-01-01,Jammu And Kashmir,urban,General Index (All Groups),103.79,1.865
2026-01-01,Jharkhand,combined,General Index (All Groups),103.81,2.015
2026-01-01,Jharkhand,rural,General Index (All Groups),104.45,2.422
2026-01-01,Jharkhand,urban,General Index (All Groups),102.57,1.234
2026-01-01,Karnataka,combined,General Index (All Groups),105.09,2.989
2026-01-01,Karnataka,rural,General Index (All Groups),105.32,2.972
2026-01-01,Karnataka,urban,General Index (All Groups),104.86,3.006
2026-01-01,Kerala,combined,General Index (All Groups),105.69,3.679
2026-01-01,Kerala,rural,General Index (All Groups),106.51,4.187
2026-01-01,Kerala,urban,General Index (All Groups),105.02,3.265
2026-01-01,Ladakh,combined,General Index (All Groups),105.1,1.762
2026-01-01,Ladakh,rural,General Index (All Groups),105.3,1.926
2026-01-01,Ladakh,urban,General Index (All Groups),104.51,1.289
2026-01-01,Lakshadweep,combined,General Index (All Groups),105.04,3.021
2026-01-01,Lakshadweep,rural,General Index (All Groups),104.27,2.286
2026-01-01,Lakshadweep,urban,General Index (All Groups),105.33,3.295
2026-01-01,Madhya Pradesh,combined,General Index (All Groups),104.15,2.722
2026-01-01,Madhya Pradesh,rural,General Index (All Groups),104.19,2.58
2026-01-01,Madhya Pradesh,urban,General Index (All Groups),104.09,2.937
2026-01-01,Maharashtra,combined,General Index (All Groups),104.24,2.578
2026-01-01,Maharashtra,rural,General Index (All Groups),104.57,2.842
2026-01-01,Maharashtra,urban,General Index (All Groups),104.03,2.412
2026-01-01,Manipur,combined,General Index (All Groups),102.29,0.117
2026-01-01,Manipur,rural,General Index (All Groups),101.78,-0.43
2026-01-01,Manipur,urban,General Index (All Groups),103.38,1.293
2026-01-01,Meghalaya,combined,General Index (All Groups),104.23,1.668
2026-01-01,Meghalaya,rural,General Index (All Groups),104.55,1.742
2026-01-01,Meghalaya,urban,General Index (All Groups),103.3,1.424
2026-01-01,Mizoram,combined,General Index (All Groups),102.52,0.254
2026-01-01,Mizoram,rural,General Index (All Groups),103.1,0.536
2026-01-01,Mizoram,urban,General Index (All Groups),102.09,0.039
2026-01-01,Nagaland,combined,General Index (All Groups),104.64,2.347
2026-01-01,Nagaland,rural,General Index (All Groups),105.39,2.659
2026-01-01,Nagaland,urban,General Index (All Groups),103.43,1.841
2026-01-01,Nct Of Delhi,combined,General Index (All Groups),103.01,2.152
2026-01-01,Nct Of Delhi,rural,General Index (All Groups),101.7,1.853
2026-01-01,Nct Of Delhi,urban,General Index (All Groups),103.03,2.151
2026-01-01,Odisha,combined,General Index (All Groups),103.59,1.878
2026-01-01,Odisha,rural,General Index (All Groups),103.77,1.885
2026-01-01,Odisha,urban,General Index (All Groups),103.11,1.867
2026-01-01,Puducherry,combined,General Index (All Groups),105.28,3.388
2026-01-01,Puducherry,rural,General Index (All Groups),105.18,2.595
2026-01-01,Puducherry,urban,General Index (All Groups),105.32,3.743
2026-01-01,Punjab,combined,General Index (All Groups),104.54,2.702
2026-01-01,Punjab,rural,General Index (All Groups),105.05,3.01
2026-01-01,Punjab,urban,General Index (All Groups),103.95,2.333
2026-01-01,Rajasthan,combined,General Index (All Groups),104.85,3.179
2026-01-01,Rajasthan,rural,General Index (All Groups),104.98,3.296
2026-01-01,Rajasthan,urban,General Index (All Groups),104.62,2.962
2026-01-01,Sikkim,combined,General Index (All Groups),105.38,3.041
2026-01-01,Sikkim,rural,General Index (All Groups),105.44,2.929
2026-01-01,Sikkim,urban,General Index (All Groups),105.25,3.247
2026-01-01,Tamil Nadu,combined,General Index (All Groups),105.57,3.348
2026-01-01,Tamil Nadu,rural,General Index (All Groups),105.53,3.147
2026-01-01,Tamil Nadu,urban,General Index (All Groups),105.61,3.509
2026-01-01,Telangana,combined,General Index (All Groups),106.6,4.921
2026-01-01,Telangana,rural,General Index (All Groups),106.91,5.185
2026-01-01,Telangana,urban,General Index (All Groups),106.37,4.726
2026-01-01,The Dadra And Nagar Haveli And Daman And Diu,combined,General Index (All Groups),103.96,2.585
2026-01-01,The Dadra And Nagar Haveli And Daman And Diu,rural,General Index (All Groups),103.15,1.997
2026-01-01,The Dadra And Nagar Haveli And Daman And Diu,urban,General Index (All Groups),104.23,2.781
2026-01-01,Tripura,combined,General Index (All Groups),102.03,1.291
2026-01-01,Tripura,rural,General Index (All Groups),102.02,1.412
2026-01-01,Tripura,urban,General Index (All Groups),102.04,0.88
2026-01-01,Uttar Pradesh,combined,General Index (All Groups),104.53,2.662
2026-01-01,Uttar Pradesh,rural,General Index (All Groups),104.65,2.638
2026-01-01,Uttar Pradesh,urban,General Index (All Groups),104.26,2.719
2026-01-01,Uttarakhand,combined,General Index (All Groups),104.53,2.19
2026-01-01,Uttarakhand,rural,General Index (All Groups),105.07,2.407
2026-01-01,Uttarakhand,urban,General Index (All Groups),103.61,1.828
2026-01-01,West Bengal,combined,General Index (All Groups),104.0,2.787
2026-01-01,West Bengal,rural,General Index (All Groups),104.06,2.857
2026-01-01,West Bengal,urban,General Index (All Groups),103.93,2.698
2026-02-01,All India,combined,General Index (All Groups),104.57,3.208
2026-02-01,All India,rural,General Index (All Groups),104.74,3.365
2026-02-01,All India,urban,General Index (All Groups),104.36,3.021
2026-02-01,Andaman And Nicobar Islands,combined,General Index (All Groups),106.16,4.058
2026-02-01,Andaman And Nicobar Islands,rural,General Index (All Groups),106.95,5.038
2026-02-01,Andaman And Nicobar Islands,urban,General Index (All Groups),105.34,3.042
2026-02-01,Andhra Pradesh,combined,General Index (All Groups),104.19,3.455
2026-02-01,Andhra Pradesh,rural,General Index (All Groups),104.03,3.245
2026-02-01,Andhra Pradesh,urban,General Index (All Groups),104.44,3.796
2026-02-01,Arunachal Pradesh,combined,General Index (All Groups),102.98,1.89
2026-02-01,Arunachal Pradesh,rural,General Index (All Groups),102.9,1.922
2026-02-01,Arunachal Pradesh,urban,General Index (All Groups),103.21,1.805
2026-02-01,Assam,combined,General Index (All Groups),103.26,2.319
2026-02-01,Assam,rural,General Index (All Groups),103.41,2.406
2026-02-01,Assam,urban,General Index (All Groups),102.72,2.036
2026-02-01,Bihar,combined,General Index (All Groups),103.85,2.852
2026-02-01,Bihar,rural,General Index (All Groups),104.09,3.08
2026-02-01,Bihar,urban,General Index (All Groups),102.41,1.486
2026-02-01,Chandigarh,combined,General Index (All Groups),103.79,2.712
2026-02-01,Chandigarh,urban,General Index (All Groups),103.79,2.712
2026-02-01,Chhattisgarh,combined,General Index (All Groups),101.99,1.797
2026-02-01,Chhattisgarh,rural,General Index (All Groups),102.13,2.008
2026-02-01,Chhattisgarh,urban,General Index (All Groups),101.72,1.396
2026-02-01,Goa,combined,General Index (All Groups),103.76,2.176
2026-02-01,Goa,rural,General Index (All Groups),103.41,1.552
2026-02-01,Goa,urban,General Index (All Groups),103.95,2.515
2026-02-01,Gujarat,combined,General Index (All Groups),103.74,2.784
2026-02-01,Gujarat,rural,General Index (All Groups),103.96,3.104
2026-02-01,Gujarat,urban,General Index (All Groups),103.59,2.564
2026-02-01,Haryana,combined,General Index (All Groups),104.52,2.823
2026-02-01,Haryana,rural,General Index (All Groups),104.61,2.861
2026-02-01,Haryana,urban,General Index (All Groups),104.44,2.795
2026-02-01,Himachal Pradesh,combined,General Index (All Groups),104.78,2.948
2026-02-01,Himachal Pradesh,rural,General Index (All Groups),104.67,2.789
2026-02-01,Himachal Pradesh,urban,General Index (All Groups),105.36,3.772
2026-02-01,Jammu And Kashmir,combined,General Index (All Groups),104.4,1.854
2026-02-01,Jammu And Kashmir,rural,General Index (All Groups),104.63,1.78
2026-02-01,Jammu And Kashmir,urban,General Index (All Groups),103.83,2.084
2026-02-01,Jharkhand,combined,General Index (All Groups),103.76,2.631
2026-02-01,Jharkhand,rural,General Index (All Groups),104.42,3.172
2026-02-01,Jharkhand,urban,General Index (All Groups),102.5,1.606
2026-02-01,Karnataka,combined,General Index (All Groups),105.39,3.344
2026-02-01,Karnataka,rural,General Index (All Groups),105.71,3.434
2026-02-01,Karnataka,urban,General Index (All Groups),105.08,3.252
2026-02-01,Kerala,combined,General Index (All Groups),105.44,3.494
2026-02-01,Kerala,rural,General Index (All Groups),106.17,3.966
2026-02-01,Kerala,urban,General Index (All Groups),104.85,3.107
2026-02-01,Ladakh,combined,General Index (All Groups),105.32,1.552
2026-02-01,Ladakh,rural,General Index (All Groups),105.46,1.648
2026-02-01,Ladakh,urban,General Index (All Groups),104.91,1.264
2026-02-01,Lakshadweep,combined,General Index (All Groups),105.4,3.597
2026-02-01,Lakshadweep,rural,General Index (All Groups),104.68,2.92
2026-02-01,Lakshadweep,urban,General Index (All Groups),105.68,3.862
2026-02-01,Madhya Pradesh,combined,General Index (All Groups),104.43,3.427
2026-02-01,Madhya Pradesh,rural,General Index (All Groups),104.57,3.412
2026-02-01,Madhya Pradesh,urban,General Index (All Groups),104.2,3.445
2026-02-01,Maharashtra,combined,General Index (All Groups),104.63,3.063
2026-02-01,Maharashtra,rural,General Index (All Groups),105.17,3.534
2026-02-01,Maharashtra,urban,General Index (All Groups),104.28,2.749
2026-02-01,Manipur,combined,General Index (All Groups),102.56,1.005
2026-02-01,Manipur,rural,General Index (All Groups),102.22,0.66
2026-02-01,Manipur,urban,General Index (All Groups),103.29,1.754
2026-02-01,Meghalaya,combined,General Index (All Groups),104.13,2.571
2026-02-01,Meghalaya,rural,General Index (All Groups),104.49,2.824
2026-02-01,Meghalaya,urban,General Index (All Groups),103.1,1.837
2026-02-01,Mizoram,combined,General Index (All Groups),102.29,0.108
2026-02-01,Mizoram,rural,General Index (All Groups),102.9,0.42
2026-02-01,Mizoram,urban,General Index (All Groups),101.83,-0.128
2026-02-01,Nagaland,combined,General Index (All Groups),104.69,2.768
2026-02-01,Nagaland,rural,General Index (All Groups),105.44,3.059
2026-02-01,Nagaland,urban,General Index (All Groups),103.48,2.273
2026-02-01,Nct Of Delhi,combined,General Index (All Groups),102.83,1.953
2026-02-01,Nct Of Delhi,rural,General Index (All Groups),101.31,1.86
2026-02-01,Nct Of Delhi,urban,General Index (All Groups),102.86,1.953
2026-02-01,Odisha,combined,General Index (All Groups),103.61,3.269
2026-02-01,Odisha,rural,General Index (All Groups),103.7,3.41
2026-02-01,Odisha,urban,General Index (All Groups),103.36,2.866
2026-02-01,Puducherry,combined,General Index (All Groups),105.1,3.455
2026-02-01,Puducherry,rural,General Index (All Groups),105.08,2.848
2026-02-01,Puducherry,urban,General Index (All Groups),105.11,3.741
2026-02-01,Punjab,combined,General Index (All Groups),104.7,3.102
2026-02-01,Punjab,rural,General Index (All Groups),105.22,3.42
2026-02-01,Punjab,urban,General Index (All Groups),104.09,2.714
2026-02-01,Rajasthan,combined,General Index (All Groups),105.07,3.497
2026-02-01,Rajasthan,rural,General Index (All Groups),105.26,3.766
2026-02-01,Rajasthan,urban,General Index (All Groups),104.73,3.0
2026-02-01,Sikkim,combined,General Index (All Groups),105.69,3.638
2026-02-01,Sikkim,rural,General Index (All Groups),105.86,3.652
2026-02-01,Sikkim,urban,General Index (All Groups),105.38,3.629
2026-02-01,Tamil Nadu,combined,General Index (All Groups),105.3,3.428
2026-02-01,Tamil Nadu,rural,General Index (All Groups),105.18,3.3
2026-02-01,Tamil Nadu,urban,General Index (All Groups),105.39,3.527
2026-02-01,Telangana,combined,General Index (All Groups),106.77,5.016
2026-02-01,Telangana,rural,General Index (All Groups),107.04,5.406
2026-02-01,Telangana,urban,General Index (All Groups),106.57,4.727
2026-02-01,The Dadra And Nagar Haveli And Daman And Diu,combined,General Index (All Groups),103.89,3.25
2026-02-01,The Dadra And Nagar Haveli And Daman And Diu,rural,General Index (All Groups),103.32,2.929
2026-02-01,The Dadra And Nagar Haveli And Daman And Diu,urban,General Index (All Groups),104.08,3.357
2026-02-01,Tripura,combined,General Index (All Groups),102.17,2.099
2026-02-01,Tripura,rural,General Index (All Groups),102.1,2.1
2026-02-01,Tripura,urban,General Index (All Groups),102.39,2.074
2026-02-01,Uttar Pradesh,combined,General Index (All Groups),104.71,3.427
2026-02-01,Uttar Pradesh,rural,General Index (All Groups),104.85,3.494
2026-02-01,Uttar Pradesh,urban,General Index (All Groups),104.42,3.294
2026-02-01,Uttarakhand,combined,General Index (All Groups),104.74,2.696
2026-02-01,Uttarakhand,rural,General Index (All Groups),105.29,2.883
2026-02-01,Uttarakhand,urban,General Index (All Groups),103.78,2.377
2026-02-01,West Bengal,combined,General Index (All Groups),104.26,3.433
2026-02-01,West Bengal,rural,General Index (All Groups),104.51,3.681
2026-02-01,West Bengal,urban,General Index (All Groups),103.95,3.145
2026-03-01,All India,combined,General Index (All Groups),104.84,3.403
2026-03-01,All India,rural,General Index (All Groups),105.02,3.631
2026-03-01,All India,urban,General Index (All Groups),104.62,3.104
2026-03-01,Andaman And Nicobar Islands,combined,General Index (All Groups),105.8,3.442
2026-03-01,Andaman And Nicobar Islands,rural,General Index (All Groups),106.7,4.148
2026-03-01,Andaman And Nicobar Islands,urban,General Index (All Groups),104.87,2.713
2026-03-01,Andhra Pradesh,combined,General Index (All Groups),104.82,4.05
2026-03-01,Andhra Pradesh,rural,General Index (All Groups),104.74,4.136
2026-03-01,Andhra Pradesh,urban,General Index (All Groups),104.94,3.911
2026-03-01,Arunachal Pradesh,combined,General Index (All Groups),103.33,2.307
2026-03-01,Arunachal Pradesh,rural,General Index (All Groups),103.37,2.529
2026-03-01,Arunachal Pradesh,urban,General Index (All Groups),103.24,1.684
2026-03-01,Assam,combined,General Index (All Groups),103.87,2.821
2026-03-01,Assam,rural,General Index (All Groups),104.14,3.109
2026-03-01,Assam,urban,General Index (All Groups),102.86,1.781
2026-03-01,Bihar,combined,General Index (All Groups),103.93,2.921
2026-03-01,Bihar,rural,General Index (All Groups),104.14,3.109
2026-03-01,Bihar,urban,General Index (All Groups),102.7,1.784
2026-03-01,Chandigarh,combined,General Index (All Groups),104.21,3.158
2026-03-01,Chandigarh,urban,General Index (All Groups),104.21,3.158
2026-03-01,Chhattisgarh,combined,General Index (All Groups),101.82,1.344
2026-03-01,Chhattisgarh,rural,General Index (All Groups),101.74,1.345
2026-03-01,Chhattisgarh,urban,General Index (All Groups),101.98,1.352
2026-03-01,Goa,combined,General Index (All Groups),103.85,2.205
2026-03-01,Goa,rural,General Index (All Groups),103.51,1.67
2026-03-01,Goa,urban,General Index (All Groups),104.05,2.522
2026-03-01,Gujarat,combined,General Index (All Groups),103.97,3.063
2026-03-01,Gujarat,rural,General Index (All Groups),104.18,3.538
2026-03-01,Gujarat,urban,General Index (All Groups),103.83,2.741
2026-03-01,Haryana,combined,General Index (All Groups),104.78,2.685
2026-03-01,Haryana,rural,General Index (All Groups),104.87,2.995
2026-03-01,Haryana,urban,General Index (All Groups),104.69,2.376
2026-03-01,Himachal Pradesh,combined,General Index (All Groups),104.79,3.048
2026-03-01,Himachal Pradesh,rural,General Index (All Groups),104.63,2.881
2026-03-01,Himachal Pradesh,urban,General Index (All Groups),105.65,3.935
2026-03-01,Jammu And Kashmir,combined,General Index (All Groups),104.88,2.202
2026-03-01,Jammu And Kashmir,rural,General Index (All Groups),104.99,2.021
2026-03-01,Jammu And Kashmir,urban,General Index (All Groups),104.6,2.66
2026-03-01,Jharkhand,combined,General Index (All Groups),103.73,3.081
2026-03-01,Jharkhand,rural,General Index (All Groups),104.33,3.605
2026-03-01,Jharkhand,urban,General Index (All Groups),102.58,2.059
2026-03-01,Karnataka,combined,General Index (All Groups),105.81,3.949
2026-03-01,Karnataka,rural,General Index (All Groups),106.2,4.24
2026-03-01,Karnataka,urban,General Index (All Groups),105.43,3.678
2026-03-01,Kerala,combined,General Index (All Groups),105.51,3.614
2026-03-01,Kerala,rural,General Index (All Groups),106.24,4.31
2026-03-01,Kerala,urban,General Index (All Groups),104.93,3.065
2026-03-01,Ladakh,combined,General Index (All Groups),105.41,0.938
2026-03-01,Ladakh,rural,General Index (All Groups),105.41,0.813
2026-03-01,Ladakh,urban,General Index (All Groups),105.41,1.307
2026-03-01,Lakshadweep,combined,General Index (All Groups),105.34,3.295
2026-03-01,Lakshadweep,rural,General Index (All Groups),104.41,2.695
2026-03-01,Lakshadweep,urban,General Index (All Groups),105.69,3.526
2026-03-01,Madhya Pradesh,combined,General Index (All Groups),104.69,3.479
2026-03-01,Madhya Pradesh,rural,General Index (All Groups),104.83,3.515
2026-03-01,Madhya Pradesh,urban,General Index (All Groups),104.48,3.446
2026-03-01,Maharashtra,combined,General Index (All Groups),105.1,3.435
2026-03-01,Maharashtra,rural,General Index (All Groups),105.86,4.296
2026-03-01,Maharashtra,urban,General Index (All Groups),104.62,2.891
2026-03-01,Manipur,combined,General Index (All Groups),102.81,1.964
2026-03-01,Manipur,rural,General Index (All Groups),102.48,1.727
2026-03-01,Manipur,urban,General Index (All Groups),103.51,2.465
2026-03-01,Meghalaya,combined,General Index (All Groups),104.21,2.964
2026-03-01,Meghalaya,rural,General Index (All Groups),104.58,3.299
2026-03-01,Meghalaya,urban,General Index (All Groups),103.17,1.997
2026-03-01,Mizoram,combined,General Index (All Groups),102.67,0.667
2026-03-01,Mizoram,rural,General Index (All Groups),103.35,1.017
2026-03-01,Mizoram,urban,General Index (All Groups),102.16,0.393
2026-03-01,Nagaland,combined,General Index (All Groups),105.04,3.233
2026-03-01,Nagaland,rural,General Index (All Groups),106.01,3.718
2026-03-01,Nagaland,urban,General Index (All Groups),103.47,2.435
2026-03-01,Nct Of Delhi,combined,General Index (All Groups),103.19,1.856
2026-03-01,Nct Of Delhi,rural,General Index (All Groups),101.54,1.825
2026-03-01,Nct Of Delhi,urban,General Index (All Groups),103.23,1.855
2026-03-01,Odisha,combined,General Index (All Groups),103.65,3.319
2026-03-01,Odisha,rural,General Index (All Groups),103.72,3.503
2026-03-01,Odisha,urban,General Index (All Groups),103.47,2.832
2026-03-01,Puducherry,combined,General Index (All Groups),105.62,4.182
2026-03-01,Puducherry,rural,General Index (All Groups),105.85,4.317
2026-03-01,Puducherry,urban,General Index (All Groups),105.52,4.135
2026-03-01,Punjab,combined,General Index (All Groups),105.1,2.979
2026-03-01,Punjab,rural,General Index (All Groups),105.59,3.206
2026-03-01,Punjab,urban,General Index (All Groups),104.52,2.702
2026-03-01,Rajasthan,combined,General Index (All Groups),105.36,3.64
2026-03-01,Rajasthan,rural,General Index (All Groups),105.59,3.866
2026-03-01,Rajasthan,urban,General Index (All Groups),104.95,3.236
2026-03-01,Sikkim,combined,General Index (All Groups),106.14,4.274
2026-03-01,Sikkim,rural,General Index (All Groups),106.4,4.406
2026-03-01,Sikkim,urban,General Index (All Groups),105.64,4.017
2026-03-01,Tamil Nadu,combined,General Index (All Groups),105.29,3.765
2026-03-01,Tamil Nadu,rural,General Index (All Groups),105.21,3.839
2026-03-01,Tamil Nadu,urban,General Index (All Groups),105.36,3.721
2026-03-01,Telangana,combined,General Index (All Groups),107.61,5.842
2026-03-01,Telangana,rural,General Index (All Groups),108.15,6.636
2026-03-01,Telangana,urban,General Index (All Groups),107.2,5.242
2026-03-01,The Dadra And Nagar Haveli And Daman And Diu,combined,General Index (All Groups),103.76,3.192
2026-03-01,The Dadra And Nagar Haveli And Daman And Diu,rural,General Index (All Groups),103.17,3.108
2026-03-01,The Dadra And Nagar Haveli And Daman And Diu,urban,General Index (All Groups),103.96,3.217
2026-03-01,Tripura,combined,General Index (All Groups),102.16,2.252
2026-03-01,Tripura,rural,General Index (All Groups),102.07,2.264
2026-03-01,Tripura,urban,General Index (All Groups),102.46,2.225
2026-03-01,Uttar Pradesh,combined,General Index (All Groups),105.1,3.425
2026-03-01,Uttar Pradesh,rural,General Index (All Groups),105.22,3.522
2026-03-01,Uttar Pradesh,urban,General Index (All Groups),104.86,3.249
2026-03-01,Uttarakhand,combined,General Index (All Groups),105.53,3.319
2026-03-01,Uttarakhand,rural,General Index (All Groups),106.12,3.602
2026-03-01,Uttarakhand,urban,General Index (All Groups),104.51,2.814
2026-03-01,West Bengal,combined,General Index (All Groups),103.85,2.832
2026-03-01,West Bengal,rural,General Index (All Groups),103.93,2.983
2026-03-01,West Bengal,urban,General Index (All Groups),103.76,2.662
2026-04-01,All India,combined,General Index (All Groups),105.12,3.485
2026-04-01,All India,rural,General Index (All Groups),105.28,3.734
2026-04-01,All India,urban,General Index (All Groups),104.92,3.156
2026-04-01,Andaman And Nicobar Islands,combined,General Index (All Groups),105.97,3.234
2026-04-01,Andaman And Nicobar Islands,rural,General Index (All Groups),106.83,3.789
2026-04-01,Andaman And Nicobar Islands,urban,General Index (All Groups),105.07,2.658
2026-04-01,Andhra Pradesh,combined,General Index (All Groups),105.08,4.205
2026-04-01,Andhra Pradesh,rural,General Index (All Groups),104.92,4.284
2026-04-01,Andhra Pradesh,urban,General Index (All Groups),105.32,4.061
2026-04-01,Arunachal Pradesh,combined,General Index (All Groups),103.41,2.073
2026-04-01,Arunachal Pradesh,rural,General Index (All Groups),103.38,2.114
2026-04-01,Arunachal Pradesh,urban,General Index (All Groups),103.49,1.951
2026-04-01,Assam,combined,General Index (All Groups),104.13,3.211
2026-04-01,Assam,rural,General Index (All Groups),104.33,3.43
2026-04-01,Assam,urban,General Index (All Groups),103.4,2.407
2026-04-01,Bihar,combined,General Index (All Groups),104.01,2.736
2026-04-01,Bihar,rural,General Index (All Groups),104.17,2.884
2026-04-01,Bihar,urban,General Index (All Groups),103.09,1.878
2026-04-01,Chandigarh,combined,General Index (All Groups),104.97,3.511
2026-04-01,Chandigarh,urban,General Index (All Groups),104.97,3.511
2026-04-01,Chhattisgarh,combined,General Index (All Groups),101.85,1.769
2026-04-01,Chhattisgarh,rural,General Index (All Groups),101.77,1.892
2026-04-01,Chhattisgarh,urban,General Index (All Groups),102.0,1.533
2026-04-01,Goa,combined,General Index (All Groups),104.28,2.195
2026-04-01,Goa,rural,General Index (All Groups),104.07,1.681
2026-04-01,Goa,urban,General Index (All Groups),104.4,2.484
2026-04-01,Gujarat,combined,General Index (All Groups),104.0,2.858
2026-04-01,Gujarat,rural,General Index (All Groups),104.19,3.22
2026-04-01,Gujarat,urban,General Index (All Groups),103.86,2.598
2026-04-01,Haryana,combined,General Index (All Groups),105.12,2.968
2026-04-01,Haryana,rural,General Index (All Groups),105.33,3.325
2026-04-01,Haryana,urban,General Index (All Groups),104.91,2.612
2026-04-01,Himachal Pradesh,combined,General Index (All Groups),105.48,3.676
2026-04-01,Himachal Pradesh,rural,General Index (All Groups),105.32,3.58
2026-04-01,Himachal Pradesh,urban,General Index (All Groups),106.31,4.154
2026-04-01,Jammu And Kashmir,combined,General Index (All Groups),105.4,2.669
2026-04-01,Jammu And Kashmir,rural,General Index (All Groups),105.6,2.634
2026-04-01,Jammu And Kashmir,urban,General Index (All Groups),104.89,2.743
2026-04-01,Jharkhand,combined,General Index (All Groups),103.78,2.875
2026-04-01,Jharkhand,rural,General Index (All Groups),104.28,3.309
2026-04-01,Jharkhand,urban,General Index (All Groups),102.83,2.054
2026-04-01,Karnataka,combined,General Index (All Groups),106.23,4.004
2026-04-01,Karnataka,rural,General Index (All Groups),106.63,4.243
2026-04-01,Karnataka,urban,General Index (All Groups),105.84,3.775
2026-04-01,Kerala,combined,General Index (All Groups),106.07,3.766
2026-04-01,Kerala,rural,General Index (All Groups),106.78,4.318
2026-04-01,Kerala,urban,General Index (All Groups),105.48,3.31
2026-04-01,Ladakh,combined,General Index (All Groups),105.71,2.017
2026-04-01,Ladakh,rural,General Index (All Groups),105.69,1.948
2026-04-01,Ladakh,urban,General Index (All Groups),105.79,2.242
2026-04-01,Lakshadweep,combined,General Index (All Groups),105.65,3.416
2026-04-01,Lakshadweep,rural,General Index (All Groups),104.76,2.786
2026-04-01,Lakshadweep,urban,General Index (All Groups),105.99,3.648
2026-04-01,Madhya Pradesh,combined,General Index (All Groups),105.3,3.672
2026-04-01,Madhya Pradesh,rural,General Index (All Groups),105.47,3.799
2026-04-01,Madhya Pradesh,urban,General Index (All Groups),105.04,3.477
2026-04-01,Maharashtra,combined,General Index (All Groups),104.99,3.123
2026-04-01,Maharashtra,rural,General Index (All Groups),105.5,3.726
2026-04-01,Maharashtra,urban,General Index (All Groups),104.66,2.739
2026-04-01,Manipur,combined,General Index (All Groups),103.12,2.332
2026-04-01,Manipur,rural,General Index (All Groups),102.83,2.41
2026-04-01,Manipur,urban,General Index (All Groups),103.73,2.187
2026-04-01,Meghalaya,combined,General Index (All Groups),104.62,2.962
2026-04-01,Meghalaya,rural,General Index (All Groups),104.97,3.307
2026-04-01,Meghalaya,urban,General Index (All Groups),103.63,1.998
2026-04-01,Mizoram,combined,General Index (All Groups),102.84,0.685
2026-04-01,Mizoram,rural,General Index (All Groups),103.56,1.014
2026-04-01,Mizoram,urban,General Index (All Groups),102.3,0.442
2026-04-01,Nagaland,combined,General Index (All Groups),105.29,3.469
2026-04-01,Nagaland,rural,General Index (All Groups),106.17,3.753
2026-04-01,Nagaland,urban,General Index (All Groups),103.86,2.995
2026-04-01,Nct Of Delhi,combined,General Index (All Groups),103.22,1.966
2026-04-01,Nct Of Delhi,rural,General Index (All Groups),102.37,2.719
2026-04-01,Nct Of Delhi,urban,General Index (All Groups),103.23,1.945
2026-04-01,Odisha,combined,General Index (All Groups),103.98,3.432
2026-04-01,Odisha,rural,General Index (All Groups),104.07,3.645
2026-04-01,Odisha,urban,General Index (All Groups),103.74,2.886
2026-04-01,Puducherry,combined,General Index (All Groups),106.02,4.412
2026-04-01,Puducherry,rural,General Index (All Groups),106.28,4.709
2026-04-01,Puducherry,urban,General Index (All Groups),105.9,4.273
2026-04-01,Punjab,combined,General Index (All Groups),105.72,3.303
2026-04-01,Punjab,rural,General Index (All Groups),106.25,3.568
2026-04-01,Punjab,urban,General Index (All Groups),105.09,2.989
2026-04-01,Rajasthan,combined,General Index (All Groups),105.54,3.766
2026-04-01,Rajasthan,rural,General Index (All Groups),105.74,4.034
2026-04-01,Rajasthan,urban,General Index (All Groups),105.19,3.289
2026-04-01,Sikkim,combined,General Index (All Groups),106.45,4.159
2026-04-01,Sikkim,rural,General Index (All Groups),106.62,4.294
2026-04-01,Sikkim,urban,General Index (All Groups),106.11,3.897
2026-04-01,Tamil Nadu,combined,General Index (All Groups),105.81,4.174
2026-04-01,Tamil Nadu,rural,General Index (All Groups),105.78,4.412
2026-04-01,Tamil Nadu,urban,General Index (All Groups),105.84,3.999
2026-04-01,Telangana,combined,General Index (All Groups),107.96,5.812
2026-04-01,Telangana,rural,General Index (All Groups),108.21,6.234
2026-04-01,Telangana,urban,General Index (All Groups),107.78,5.512
2026-04-01,The Dadra And Nagar Haveli And Daman And Diu,combined,General Index (All Groups),104.44,3.314
2026-04-01,The Dadra And Nagar Haveli And Daman And Diu,rural,General Index (All Groups),103.76,2.896
2026-04-01,The Dadra And Nagar Haveli And Daman And Diu,urban,General Index (All Groups),104.66,3.45
2026-04-01,Tripura,combined,General Index (All Groups),102.68,2.332
2026-04-01,Tripura,rural,General Index (All Groups),102.63,2.17
2026-04-01,Tripura,urban,General Index (All Groups),102.86,2.911
2026-04-01,Uttar Pradesh,combined,General Index (All Groups),105.38,3.588
2026-04-01,Uttar Pradesh,rural,General Index (All Groups),105.55,3.826
2026-04-01,Uttar Pradesh,urban,General Index (All Groups),105.02,3.082
2026-04-01,Uttarakhand,combined,General Index (All Groups),105.88,3.5
2026-04-01,Uttarakhand,rural,General Index (All Groups),106.69,3.986
2026-04-01,Uttarakhand,urban,General Index (All Groups),104.5,2.662
2026-04-01,West Bengal,combined,General Index (All Groups),104.26,2.953
2026-04-01,West Bengal,rural,General Index (All Groups),104.33,3.358
2026-04-01,West Bengal,urban,General Index (All Groups),104.16,2.449
2026-05-01,All India,combined,General Index (All Groups),105.91,3.935
2026-05-01,All India,rural,General Index (All Groups),106.11,4.254
2026-05-01,All India,urban,General Index (All Groups),105.66,3.527
2026-05-01,Andaman And Nicobar Islands,combined,General Index (All Groups),107.38,4.404
2026-05-01,Andaman And Nicobar Islands,rural,General Index (All Groups),109.05,5.679
2026-05-01,Andaman And Nicobar Islands,urban,General Index (All Groups),105.64,3.063
2026-05-01,Andhra Pradesh,combined,General Index (All Groups),106.06,4.896
2026-05-01,Andhra Pradesh,rural,General Index (All Groups),106.04,5.094
2026-05-01,Andhra Pradesh,urban,General Index (All Groups),106.1,4.604
2026-05-01,Arunachal Pradesh,combined,General Index (All Groups),104.36,2.585
2026-05-01,Arunachal Pradesh,rural,General Index (All Groups),104.36,2.565
2026-05-01,Arunachal Pradesh,urban,General Index (All Groups),104.36,2.646
2026-05-01,Assam,combined,General Index (All Groups),104.76,3.426
2026-05-01,Assam,rural,General Index (All Groups),105.05,3.794
2026-05-01,Assam,urban,General Index (All Groups),103.69,2.087
2026-05-01,Bihar,combined,General Index (All Groups),104.46,2.937
2026-05-01,Bihar,rural,General Index (All Groups),104.57,3.075
2026-05-01,Bihar,urban,General Index (All Groups),103.79,2.135
2026-05-01,Chandigarh,combined,General Index (All Groups),105.93,3.792
2026-05-01,Chandigarh,rural,General Index (All Groups),0.0,
2026-05-01,Chandigarh,urban,General Index (All Groups),105.93,3.792
2026-05-01,Chhattisgarh,combined,General Index (All Groups),102.9,2.859
2026-05-01,Chhattisgarh,rural,General Index (All Groups),102.94,3.25
2026-05-01,Chhattisgarh,urban,General Index (All Groups),102.85,2.145
2026-05-01,Goa,combined,General Index (All Groups),104.86,2.462
2026-05-01,Goa,rural,General Index (All Groups),104.63,1.998
2026-05-01,Goa,urban,General Index (All Groups),104.99,2.72
2026-05-01,Gujarat,combined,General Index (All Groups),104.8,3.261
2026-05-01,Gujarat,rural,General Index (All Groups),105.02,3.734
2026-05-01,Gujarat,urban,General Index (All Groups),104.66,2.951
2026-05-01,Haryana,combined,General Index (All Groups),105.65,3.093
2026-05-01,Haryana,rural,General Index (All Groups),105.85,3.43
2026-05-01,Haryana,urban,General Index (All Groups),105.45,2.768
2026-05-01,Himachal Pradesh,combined,General Index (All Groups),105.58,3.045
2026-05-01,Himachal Pradesh,rural,General Index (All Groups),105.33,2.871
2026-05-01,Himachal Pradesh,urban,General Index (All Groups),106.93,4.028
2026-05-01,Jammu And Kashmir,combined,General Index (All Groups),105.72,2.84
2026-05-01,Jammu And Kashmir,rural,General Index (All Groups),105.91,2.805
2026-05-01,Jammu And Kashmir,urban,General Index (All Groups),105.23,2.945
2026-05-01,Jharkhand,combined,General Index (All Groups),104.41,3.86
2026-05-01,Jharkhand,rural,General Index (All Groups),104.9,4.254
2026-05-01,Jharkhand,urban,General Index (All Groups),103.46,3.099
2026-05-01,Karnataka,combined,General Index (All Groups),107.14,4.588
2026-05-01,Karnataka,rural,General Index (All Groups),107.59,4.833
2026-05-01,Karnataka,urban,General Index (All Groups),106.69,4.353
2026-05-01,Kerala,combined,General Index (All Groups),107.27,4.298
2026-05-01,Kerala,rural,General Index (All Groups),108.03,4.711
2026-05-01,Kerala,urban,General Index (All Groups),106.65,3.958
2026-05-01,Ladakh,combined,General Index (All Groups),106.43,3.14
2026-05-01,Ladakh,rural,General Index (All Groups),106.6,3.215
2026-05-01,Ladakh,urban,General Index (All Groups),105.92,2.905
2026-05-01,Lakshadweep,combined,General Index (All Groups),106.3,3.566
2026-05-01,Lakshadweep,rural,General Index (All Groups),105.33,2.992
2026-05-01,Lakshadweep,urban,General Index (All Groups),106.67,3.795
2026-05-01,Madhya Pradesh,combined,General Index (All Groups),106.15,4.181
2026-05-01,Madhya Pradesh,rural,General Index (All Groups),106.4,4.334
2026-05-01,Madhya Pradesh,urban,General Index (All Groups),105.76,3.931
2026-05-01,Maharashtra,combined,General Index (All Groups),105.68,3.344
2026-05-01,Maharashtra,rural,General Index (All Groups),106.45,4.199
2026-05-01,Maharashtra,urban,General Index (All Groups),105.19,2.805
2026-05-01,Manipur,combined,General Index (All Groups),103.52,2.79
2026-05-01,Manipur,rural,General Index (All Groups),103.27,3.064
2026-05-01,Manipur,urban,General Index (All Groups),104.04,2.22
2026-05-01,Meghalaya,combined,General Index (All Groups),105.19,2.695
2026-05-01,Meghalaya,rural,General Index (All Groups),105.45,2.788
2026-05-01,Meghalaya,urban,General Index (All Groups),104.45,2.452
2026-05-01,Mizoram,combined,General Index (All Groups),103.22,1.038
2026-05-01,Mizoram,rural,General Index (All Groups),103.99,1.414
2026-05-01,Mizoram,urban,General Index (All Groups),102.64,0.736
2026-05-01,Nagaland,combined,General Index (All Groups),105.42,3.302
2026-05-01,Nagaland,rural,General Index (All Groups),106.26,3.699
2026-05-01,Nagaland,urban,General Index (All Groups),104.06,2.644
2026-05-01,Nct Of Delhi,combined,General Index (All Groups),103.89,2.496
2026-05-01,Nct Of Delhi,rural,General Index (All Groups),103.31,3.538
2026-05-01,Nct Of Delhi,urban,General Index (All Groups),103.9,2.476
2026-05-01,Odisha,combined,General Index (All Groups),105.15,4.533
2026-05-01,Odisha,rural,General Index (All Groups),105.28,4.829
2026-05-01,Odisha,urban,General Index (All Groups),104.8,3.742
2026-05-01,Puducherry,combined,General Index (All Groups),107.21,5.005
2026-05-01,Puducherry,rural,General Index (All Groups),107.24,5.158
2026-05-01,Puducherry,urban,General Index (All Groups),107.19,4.934
2026-05-01,Punjab,combined,General Index (All Groups),106.2,3.348
2026-05-01,Punjab,rural,General Index (All Groups),106.68,3.643
2026-05-01,Punjab,urban,General Index (All Groups),105.63,2.993
2026-05-01,Rajasthan,combined,General Index (All Groups),106.32,4.174
2026-05-01,Rajasthan,rural,General Index (All Groups),106.53,4.523
2026-05-01,Rajasthan,urban,General Index (All Groups),105.95,3.538
2026-05-01,Sikkim,combined,General Index (All Groups),106.93,4.23
2026-05-01,Sikkim,rural,General Index (All Groups),107.1,4.335
2026-05-01,Sikkim,urban,General Index (All Groups),106.6,4.01
2026-05-01,Tamil Nadu,combined,General Index (All Groups),107.14,5.111
2026-05-01,Tamil Nadu,rural,General Index (All Groups),107.38,5.585
2026-05-01,Tamil Nadu,urban,General Index (All Groups),106.96,4.75
2026-05-01,Telangana,combined,General Index (All Groups),108.76,6.138
2026-05-01,Telangana,rural,General Index (All Groups),109.1,6.595
2026-05-01,Telangana,urban,General Index (All Groups),108.51,5.812
2026-05-01,The Dadra And Nagar Haveli And Daman And Diu,combined,General Index (All Groups),105.55,3.99
2026-05-01,The Dadra And Nagar Haveli And Daman And Diu,rural,General Index (All Groups),104.99,3.367
2026-05-01,The Dadra And Nagar Haveli And Daman And Diu,urban,General Index (All Groups),105.73,4.198
2026-05-01,Tripura,combined,General Index (All Groups),102.96,2.011
2026-05-01,Tripura,rural,General Index (All Groups),102.83,1.782
2026-05-01,Tripura,urban,General Index (All Groups),103.4,2.804
2026-05-01,Uttar Pradesh,combined,General Index (All Groups),106.03,3.971
2026-05-01,Uttar Pradesh,rural,General Index (All Groups),106.24,4.3
2026-05-01,Uttar Pradesh,urban,General Index (All Groups),105.58,3.267
2026-05-01,Uttarakhand,combined,General Index (All Groups),106.37,3.725
2026-05-01,Uttarakhand,rural,General Index (All Groups),107.13,4.293
2026-05-01,Uttarakhand,urban,General Index (All Groups),105.04,2.719
2026-05-01,West Bengal,combined,General Index (All Groups),105.02,3.437
2026-05-01,West Bengal,rural,General Index (All Groups),105.19,3.943
2026-05-01,West Bengal,urban,General Index (All Groups),104.8,2.806
2026-06-01,All India,combined,General Index (All Groups),107.0,4.38
2026-06-01,All India,rural,General Index (All Groups),107.24,4.737
2026-06-01,All India,urban,General Index (All Groups),106.69,3.926
2026-06-01,Andaman And Nicobar Islands,combined,General Index (All Groups),109.13,4.711
2026-06-01,Andaman And Nicobar Islands,rural,General Index (All Groups),111.53,6.007
2026-06-01,Andaman And Nicobar Islands,urban,General Index (All Groups),106.63,3.314
2026-06-01,Andhra Pradesh,combined,General Index (All Groups),106.88,5.394
2026-06-01,Andhra Pradesh,rural,General Index (All Groups),106.9,5.716
2026-06-01,Andhra Pradesh,urban,General Index (All Groups),106.86,4.898
2026-06-01,Arunachal Pradesh,combined,General Index (All Groups),104.91,2.471
2026-06-01,Arunachal Pradesh,rural,General Index (All Groups),104.9,2.331
2026-06-01,Arunachal Pradesh,urban,General Index (All Groups),104.94,2.862
2026-06-01,Assam,combined,General Index (All Groups),105.23,3.583
2026-06-01,Assam,rural,General Index (All Groups),105.51,3.93
2026-06-01,Assam,urban,General Index (All Groups),104.16,2.258
2026-06-01,Bihar,combined,General Index (All Groups),105.31,3.286
2026-06-01,Bihar,rural,General Index (All Groups),105.4,3.394
2026-06-01,Bihar,urban,General Index (All Groups),104.8,2.675
2026-06-01,Chandigarh*,combined,General Index (All Groups),107.27,
2026-06-01,Chandigarh*,urban,General Index (All Groups),107.27,
2026-06-01,Chhattisgarh,combined,General Index (All Groups),104.5,3.897
2026-06-01,Chhattisgarh,rural,General Index (All Groups),104.69,4.429
2026-06-01,Chhattisgarh,urban,General Index (All Groups),104.14,2.895
2026-06-01,Goa,combined,General Index (All Groups),105.84,3.098
2026-06-01,Goa,rural,General Index (All Groups),105.66,2.573
2026-06-01,Goa,urban,General Index (All Groups),105.93,3.377
2026-06-01,Gujarat,combined,General Index (All Groups),106.29,4.012
2026-06-01,Gujarat,rural,General Index (All Groups),106.47,4.393
2026-06-01,Gujarat,urban,General Index (All Groups),106.17,3.753
2026-06-01,Haryana,combined,General Index (All Groups),106.85,3.808
2026-06-01,Haryana,rural,General Index (All Groups),107.11,4.122
2026-06-01,Haryana,urban,General Index (All Groups),106.59,3.495
2026-06-01,Himachal Pradesh,combined,General Index (All Groups),106.63,3.324
2026-06-01,Himachal Pradesh,rural,General Index (All Groups),106.41,3.11
2026-06-01,Himachal Pradesh,urban,General Index (All Groups),107.84,4.486
2026-06-01,Jammu And Kashmir,combined,General Index (All Groups),106.68,3.513
2026-06-01,Jammu And Kashmir,rural,General Index (All Groups),106.91,3.505
2026-06-01,Jammu And Kashmir,urban,General Index (All Groups),106.1,3.563
2026-06-01,Jharkhand,combined,General Index (All Groups),105.56,4.288
2026-06-01,Jharkhand,rural,General Index (All Groups),106.08,4.646
2026-06-01,Jharkhand,urban,General Index (All Groups),104.55,3.587
2026-06-01,Karnataka,combined,General Index (All Groups),107.94,4.796
2026-06-01,Karnataka,rural,General Index (All Groups),108.54,5.256
2026-06-01,Karnataka,urban,General Index (All Groups),107.35,4.345
2026-06-01,Kerala,combined,General Index (All Groups),108.88,4.341
2026-06-01,Kerala,rural,General Index (All Groups),110.07,5.079
2026-06-01,Kerala,urban,General Index (All Groups),107.92,3.749
2026-06-01,Ladakh,combined,General Index (All Groups),107.33,4.032
2026-06-01,Ladakh,rural,General Index (All Groups),107.6,4.163
2026-06-01,Ladakh,urban,General Index (All Groups),106.51,3.639
2026-06-01,Lakshadweep,combined,General Index (All Groups),107.02,3.102
2026-06-01,Lakshadweep,rural,General Index (All Groups),105.99,2.654
2026-06-01,Lakshadweep,urban,General Index (All Groups),107.41,3.269
2026-06-01,Madhya Pradesh,combined,General Index (All Groups),107.44,5.086
2026-06-01,Madhya Pradesh,rural,General Index (All Groups),107.68,5.259
2026-06-01,Madhya Pradesh,urban,General Index (All Groups),107.07,4.827
2026-06-01,Maharashtra,combined,General Index (All Groups),106.92,3.816
2026-06-01,Maharashtra,rural,General Index (All Groups),107.92,4.797
2026-06-01,Maharashtra,urban,General Index (All Groups),106.27,3.185
2026-06-01,Manipur,combined,General Index (All Groups),104.14,2.936
2026-06-01,Manipur,rural,General Index (All Groups),103.87,3.23
2026-06-01,Manipur,urban,General Index (All Groups),104.71,2.326
2026-06-01,Meghalaya,combined,General Index (All Groups),105.7,2.631
2026-06-01,Meghalaya,rural,General Index (All Groups),106.03,2.683
2026-06-01,Meghalaya,urban,General Index (All Groups),104.76,2.465
2026-06-01,Mizoram,combined,General Index (All Groups),103.9,1.624
2026-06-01,Mizoram,rural,General Index (All Groups),104.62,1.879
2026-06-01,Mizoram,urban,General Index (All Groups),103.36,1.433
2026-06-01,Nagaland,combined,General Index (All Groups),105.65,2.832
2026-06-01,Nagaland,rural,General Index (All Groups),106.47,2.87
2026-06-01,Nagaland,urban,General Index (All Groups),104.33,2.758
2026-06-01,Nct Of Delhi,combined,General Index (All Groups),104.75,2.959
2026-06-01,Nct Of Delhi,rural,General Index (All Groups),104.48,3.919
2026-06-01,Nct Of Delhi,urban,General Index (All Groups),104.76,2.938
2026-06-01,Odisha,combined,General Index (All Groups),106.27,5.155
2026-06-01,Odisha,rural,General Index (All Groups),106.43,5.397
2026-06-01,Odisha,urban,General Index (All Groups),105.82,4.472
2026-06-01,Puducherry,combined,General Index (All Groups),108.49,5.391
2026-06-01,Puducherry,rural,General Index (All Groups),108.87,6.049
2026-06-01,Puducherry,urban,General Index (All Groups),108.32,5.104
2026-06-01,Punjab,combined,General Index (All Groups),107.41,3.828
2026-06-01,Punjab,rural,General Index (All Groups),107.97,4.248
2026-06-01,Punjab,urban,General Index (All Groups),106.76,3.339
2026-06-01,Rajasthan,combined,General Index (All Groups),107.45,4.696
2026-06-01,Rajasthan,rural,General Index (All Groups),107.73,5.092
2026-06-01,Rajasthan,urban,General Index (All Groups),106.94,3.977
2026-06-01,Sikkim,combined,General Index (All Groups),107.61,4.496
2026-06-01,Sikkim,rural,General Index (All Groups),107.8,4.609
2026-06-01,Sikkim,urban,General Index (All Groups),107.22,4.269
2026-06-01,Tamil Nadu,combined,General Index (All Groups),108.16,5.234
2026-06-01,Tamil Nadu,rural,General Index (All Groups),108.24,5.487
2026-06-01,Tamil Nadu,urban,General Index (All Groups),108.1,5.043
2026-06-01,Telangana,combined,General Index (All Groups),109.53,6.36
2026-06-01,Telangana,rural,General Index (All Groups),109.99,6.942
2026-06-01,Telangana,urban,General Index (All Groups),109.19,5.938
2026-06-01,The Dadra And Nagar Haveli And Daman And Diu,combined,General Index (All Groups),107.08,4.265
2026-06-01,The Dadra And Nagar Haveli And Daman And Diu,rural,General Index (All Groups),107.66,4.748
2026-06-01,The Dadra And Nagar Haveli And Daman And Diu,urban,General Index (All Groups),106.89,4.11
2026-06-01,Tripura,combined,General Index (All Groups),103.48,1.62
2026-06-01,Tripura,rural,General Index (All Groups),103.47,1.431
2026-06-01,Tripura,urban,General Index (All Groups),103.53,2.272
2026-06-01,Uttar Pradesh,combined,General Index (All Groups),107.18,4.556
2026-06-01,Uttar Pradesh,rural,General Index (All Groups),107.47,4.941
2026-06-01,Uttar Pradesh,urban,General Index (All Groups),106.56,3.748
2026-06-01,Uttarakhand,combined,General Index (All Groups),107.45,4.118
2026-06-01,Uttarakhand,rural,General Index (All Groups),108.34,4.575
2026-06-01,Uttarakhand,urban,General Index (All Groups),105.91,3.317
2026-06-01,West Bengal,combined,General Index (All Groups),106.05,3.94
2026-06-01,West Bengal,rural,General Index (All Groups),106.23,4.372
2026-06-01,West Bengal,urban,General Index (All Groups),105.83,3.41
2026-07-01,All India,combined,General Index (All Groups),107.94,4.441
2026-07-01,All India,rural,General Index (All Groups),108.34,4.838
2026-07-01,All India,urban,General Index (All Groups),107.45,3.957
2026-07-01,Andaman And Nicobar Islands,combined,General Index (All Groups),109.32,4.154
2026-07-01,Andaman And Nicobar Islands,rural,General Index (All Groups),111.13,4.988
2026-07-01,Andaman And Nicobar Islands,urban,General Index (All Groups),107.44,3.258
2026-07-01,Andhra Pradesh,combined,General Index (All Groups),107.71,5.722
2026-07-01,Andhra Pradesh,rural,General Index (All Groups),107.81,6.133
2026-07-01,Andhra Pradesh,urban,General Index (All Groups),107.55,5.091
2026-07-01,Arunachal Pradesh,combined,General Index (All Groups),105.12,2.566
2026-07-01,Arunachal Pradesh,rural,General Index (All Groups),105.13,2.476
2026-07-01,Arunachal Pradesh,urban,General Index (All Groups),105.09,2.808
2026-07-01,Assam,combined,General Index (All Groups),105.71,3.495
2026-07-01,Assam,rural,General Index (All Groups),106.03,3.727
2026-07-01,Assam,urban,General Index (All Groups),104.45,2.533
2026-07-01,Bihar,combined,General Index (All Groups),106.85,3.597
2026-07-01,Bihar,rural,General Index (All Groups),107.01,3.722
2026-07-01,Bihar,urban,General Index (All Groups),105.86,2.837
2026-07-01,Chandigarh*,combined,General Index (All Groups),108.04,
2026-07-01,Chandigarh*,rural,General Index (All Groups),0.0,
2026-07-01,Chandigarh*,urban,General Index (All Groups),108.04,
2026-07-01,Chhattisgarh,combined,General Index (All Groups),105.59,3.357
2026-07-01,Chhattisgarh,rural,General Index (All Groups),105.88,3.834
2026-07-01,Chhattisgarh,urban,General Index (All Groups),105.04,2.458
2026-07-01,Goa,combined,General Index (All Groups),106.29,3.355
2026-07-01,Goa,rural,General Index (All Groups),106.27,2.875
2026-07-01,Goa,urban,General Index (All Groups),106.3,3.616
2026-07-01,Gujarat,combined,General Index (All Groups),107.23,4.006
2026-07-01,Gujarat,rural,General Index (All Groups),107.42,4.22
2026-07-01,Gujarat,urban,General Index (All Groups),107.11,3.869
2026-07-01,Haryana,combined,General Index (All Groups),108.02,3.825
2026-07-01,Haryana,rural,General Index (All Groups),108.52,4.286
2026-07-01,Haryana,urban,General Index (All Groups),107.52,3.375
2026-07-01,Himachal Pradesh,combined,General Index (All Groups),107.83,3.633
2026-07-01,Himachal Pradesh,rural,General Index (All Groups),107.67,3.449
2026-07-01,Himachal Pradesh,urban,General Index (All Groups),108.7,4.63
2026-07-01,Jammu And Kashmir,combined,General Index (All Groups),107.74,3.876
2026-07-01,Jammu And Kashmir,rural,General Index (All Groups),107.94,3.739
2026-07-01,Jammu And Kashmir,urban,General Index (All Groups),107.22,4.229
2026-07-01,Jharkhand,combined,General Index (All Groups),106.76,3.5
2026-07-01,Jharkhand,rural,General Index (All Groups),107.41,3.908
2026-07-01,Jharkhand,urban,General Index (All Groups),105.51,2.726
2026-07-01,Karnataka,combined,General Index (All Groups),108.41,4.886
2026-07-01,Karnataka,rural,General Index (All Groups),108.99,5.427
2026-07-01,Karnataka,urban,General Index (All Groups),107.85,4.364
2026-07-01,Kerala,combined,General Index (All Groups),109.46,4.01
2026-07-01,Kerala,rural,General Index (All Groups),110.75,4.907
2026-07-01,Kerala,urban,General Index (All Groups),108.42,3.277
2026-07-01,Ladakh,combined,General Index (All Groups),108.38,5.172
2026-07-01,Ladakh,rural,General Index (All Groups),108.88,5.555
2026-07-01,Ladakh,urban,General Index (All Groups),106.88,4.019
2026-07-01,Lakshadweep,combined,General Index (All Groups),107.93,3.223
2026-07-01,Lakshadweep,rural,General Index (All Groups),106.95,3.403
2026-07-01,Lakshadweep,urban,General Index (All Groups),108.3,3.163
2026-07-01,Madhya Pradesh,combined,General Index (All Groups),108.43,4.915
2026-07-01,Madhya Pradesh,rural,General Index (All Groups),108.77,5.122
2026-07-01,Madhya Pradesh,urban,General Index (All Groups),107.91,4.584
2026-07-01,Maharashtra,combined,General Index (All Groups),107.7,4.088
2026-07-01,Maharashtra,rural,General Index (All Groups),108.89,4.944
2026-07-01,Maharashtra,urban,General Index (All Groups),106.93,3.534
2026-07-01,Manipur,combined,General Index (All Groups),104.39,3.091
2026-07-01,Manipur,rural,General Index (All Groups),104.14,3.426
2026-07-01,Manipur,urban,General Index (All Groups),104.92,2.391
2026-07-01,Meghalaya,combined,General Index (All Groups),105.65,2.315
2026-07-01,Meghalaya,rural,General Index (All Groups),105.9,2.309
2026-07-01,Meghalaya,urban,General Index (All Groups),104.94,2.331
2026-07-01,Mizoram,combined,General Index (All Groups),104.23,1.837
2026-07-01,Mizoram,rural,General Index (All Groups),105.07,2.268
2026-07-01,Mizoram,urban,General Index (All Groups),103.6,1.519
2026-07-01,Nagaland,combined,General Index (All Groups),105.81,2.818
2026-07-01,Nagaland,rural,General Index (All Groups),106.61,2.816
2026-07-01,Nagaland,urban,General Index (All Groups),104.52,2.813
2026-07-01,Nct Of Delhi,combined,General Index (All Groups),105.38,2.69
2026-07-01,Nct Of Delhi,rural,General Index (All Groups),105.89,4.13
2026-07-01,Nct Of Delhi,urban,General Index (All Groups),105.36,2.65
2026-07-01,Odisha,combined,General Index (All Groups),107.06,4.827
2026-07-01,Odisha,rural,General Index (All Groups),107.35,5.121
2026-07-01,Odisha,urban,General Index (All Groups),106.28,4.023
2026-07-01,Puducherry,combined,General Index (All Groups),109.24,5.413
2026-07-01,Puducherry,rural,General Index (All Groups),109.56,5.763
2026-07-01,Puducherry,urban,General Index (All Groups),109.09,5.259
2026-07-01,Punjab,combined,General Index (All Groups),108.87,4.202
2026-07-01,Punjab,rural,General Index (All Groups),109.54,4.633
2026-07-01,Punjab,urban,General Index (All Groups),108.1,3.713
2026-07-01,Rajasthan,combined,General Index (All Groups),108.7,4.811
2026-07-01,Rajasthan,rural,General Index (All Groups),109.15,5.357
2026-07-01,Rajasthan,urban,General Index (All Groups),107.89,3.84
2026-07-01,Sikkim,combined,General Index (All Groups),107.98,4.581
2026-07-01,Sikkim,rural,General Index (All Groups),108.21,4.855
2026-07-01,Sikkim,urban,General Index (All Groups),107.55,4.074
2026-07-01,Tamil Nadu,combined,General Index (All Groups),108.77,5.438
2026-07-01,Tamil Nadu,rural,General Index (All Groups),108.81,5.6
2026-07-01,Tamil Nadu,urban,General Index (All Groups),108.74,5.317
2026-07-01,Telangana,combined,General Index (All Groups),110.06,6.318
2026-07-01,Telangana,rural,General Index (All Groups),110.56,6.852
2026-07-01,Telangana,urban,General Index (All Groups),109.69,5.919
2026-07-01,The Dadra And Nagar Haveli And Daman And Diu,combined,General Index (All Groups),108.04,4.035
2026-07-01,The Dadra And Nagar Haveli And Daman And Diu,rural,General Index (All Groups),108.0,3.488
2026-07-01,The Dadra And Nagar Haveli And Daman And Diu,urban,General Index (All Groups),108.05,4.215
2026-07-01,Tripura,combined,General Index (All Groups),104.59,2.319
2026-07-01,Tripura,rural,General Index (All Groups),104.55,2.11
2026-07-01,Tripura,urban,General Index (All Groups),104.75,3.029
2026-07-01,Uttar Pradesh,combined,General Index (All Groups),108.5,4.74
2026-07-01,Uttar Pradesh,rural,General Index (All Groups),108.92,5.257
2026-07-01,Uttar Pradesh,urban,General Index (All Groups),107.58,3.622
2026-07-01,Uttarakhand,combined,General Index (All Groups),108.44,4.219
2026-07-01,Uttarakhand,rural,General Index (All Groups),109.41,4.659
2026-07-01,Uttarakhand,urban,General Index (All Groups),106.75,3.43
2026-07-01,West Bengal,combined,General Index (All Groups),107.11,3.889
2026-07-01,West Bengal,rural,General Index (All Groups),107.39,4.201
2026-07-01,West Bengal,urban,General Index (All Groups),106.76,3.5
